0,<b>,0.5103872,1.486193,1.1439614,0.40977493,0.62495184,0.0,0.0,0.0,0.0,1.3662889,0.17599055,0.0,1.5014837,0.0,0.15841101,0.4827798,0.0,0.21807767,0.7610224,0.88241816,0.0,0.0,0.0,0.13515787,1.462526,0.17730777,1.4027852,1.1562439,0.0,0.28379324,0.0,0.0,0.0,0.0,0.0,1.0880064,0.82646686,0.0,0.0,0.0,0.47037536,1.017523,0.202436,0.0,0.2085581,1.0966588,0.7918845,0.0,1.295388,0.0710116,0.0,0.0,1.9795859,0.0,1.1481165,0.0,0.0,0.8887639,0.0,0.53915524,0.86596334,1.3547187,0.0,0.80218416,1.1500298,0.0,0.0,0.0,1.2281895,0.0,0.0,0.0,0.0,0.033714153,1.0586392,0.24497017,0.0,0.0,1.242242,1.3234313,1.0058907,1.5232551,0.48351,0.0,0.0,0.0,0.8440816,0.1375329,0.1809579,0.2710753,0.98859197,0.0,1.4622834,0.813559,0.8413365,0.08967704,1.1128088,0.13045636,0.0,0.41871426,0.0,0.0094293635,0.0,1.2384691,0.9155519,0.28799063,0.0,0.0,0.9756431,0.58397484,0.16634627,0.6423121,0.94816947,0.0,1.5918304,1.4299247,0.0,0.056164898,0.81988686,0.8252914,1.3225582,0.4871352,0.65083665,0.0,0.5636245,1.0312316,0.0,0.0,0.29957572,0.22827391,0.0,0.0,0.0,0.0,0.0,0.0,0.5810545,0.0,0.1313103,0.42765963,0.0,1.177066,0.0,0.15764752,0.8605937,0.3087879,0.3591036,1.6195682,1.3872249,0.020347621,0.33920792,0.8551801,0.0,0.0,0.0,0.0,0.5444678,0.37104636,0.0,0.022318225,1.4987355,0.7315579,0.5586105,0.0,0.0,0.051938638,0.5822128,1.0588735,0.47285536,0.18828306,0.0,0.0,0.34506482,0.0,0.0,0.3739444,1.1216003,1.186742,0.0,0.7146849,1.7889992,0.0,0.8811472,0.0,0.07300164,1.142792,0.644945,0.0,0.57081294,0.9020464,0.0,1.477686,1.4906967,1.087917,0.0,1.3720759,0.21486676,0.0,0.51146424,0.0,0.0,0.0,0.0,0.22633068,1.2742671,0.0,0.0,0.15072575,0.0,0.2642461,0.0,1.5574023,0.0,0.5570686,1.4584265,0.0733179,0.0,1.5722109,0.12033509,0.7852568,0.6857834,0.0,1.0432957,0.0,0.86197436,0.15302336,0.0,0.0,0.0,0.0,0.0,0.8490338,0.0,0.0,0.0,0.0,0.0,0.0,0.5555745,0.15199818,1.2568278,0.0,0.0,0.17951752,0.0,0.17602733,0.55265486,0.47947487,0.49211714,0.018795326,1.0985326,0.054389667,1.2511907,1.2940665,0.0,0.0,1.543927,0.2015399,0.8534873,0.85621804,0.2920998,0.0,0.0,0.21405481,0.0,0.0,0.508233,0.0,0.36097407,0.0,0.0,0.0,0.0,0.101834536,0.8452828,1.2236204,0.8603941,0.006869262,0.0,0.64390516,0.0,0.028530698,0.071834914,0.0,0.0,1.1771013,0.0,1.8153341,0.1854945,0.0,0.0,0.0,0.0,0.0,0.0,0.9310339,0.0,1.0912466,0.31876433,0.0,0.8198401,0.0,0.6166799,0.6740021,0.0,0.0,0.0,0.0,0.0,0.0,0.0,0.0,0.50614494,0.15638295,1.4733359,0.0,0.34448355,0.76210964,0.14301208,1.3340081,0.0,0.0,0.0,0.0,1.059144,0.46123844,0.0,0.0,0.8818099,1.1123481,0.0,0.18924294,0.15439561,1.065597,0.0,0.24533583,0.14572719,0.0,0.0411829,0.68349814,0.0,1.391427,0.0,0.0,1.1764703,0.34305316,0.0,0.09161523,1.2703857,0.0,0.8485779,0.8911993,0.0,0.0,0.0,0.9766589,0.0,1.7490417,0.45839515,0.40955415,1.2118133,0.0,0.4295602,0.0,1.21306,0.0,1.8391666,0.17919305,0.0,0.21714677,0.0,0.0,0.66898036,0.0,0.0,1.7921971,0.8600387,0.43581864,0.44070852,0.817208,0.0,0.16951205,0.43027544,0.5824703,1.0881128,0.44690666,0.15681249,0.6466536,0.0,0.77748585,0.0,0.31887284,0.26590282,0.018382505,1.0073819,0.0,0.041063633,0.45828885,0.3885832,0.0,0.0,1.4969705,0.0,0.2752436,0.0,0.08184473,1.0768806,1.1011746,0.12480207,2.1865184,0.44011366,0.0,0.0,0.6677372,0.090336315,0.0,0.0,1.2468388,1.2305119,0.0,0.0,0.0,0.34174716,0.0,0.0,0.16217,0.0,0.0,0.0,0.9720311,1.1062162,0.0,0.0,0.0,1.0597788,0.0,0.0,1.6135498,0.0,0.0,0.08349468,0.0,0.0,0.09144322,0.10824178,0.0,0.0,0.21838032,0.0,0.0,1.7019478,0.44708055,0.68961406,0.07624761,0.1596265,1.3673509,1.2605466,0.0,0.8377327,1.4753886,0.0,0.7849256,0.4077205,0.0,0.5160321,0.9907163,0.0,0.23698553,0.0,0.0,0.0,0.0,0.32361507,0.0,0.0,0.0,0.34002832,1.3829387,0.0,0.0,0.89612657,0.92360944,0.35858008,0.025894497,1.4870859,0.0,0.0,0.5034008,1.4171175,0.002771127,0.088655934,0.20404334,0.01172137,0.0,0.0,0.0,0.0,0.16302902,0.8190199,0.0,0.3661872,0.5546518,0.0,0.25892225,0.0,0.0,0.43158063,0.0,0.054904025,0.0,0.38218153,0.0,</b>
0,<b>,0.6474207,1.2275181,0.9352703,0.6418517,0.78745365,0.0,0.0,0.0,0.0,1.4099194,0.13191578,0.1489553,1.6193311,0.0,0.0,0.043978423,0.0,0.492159,0.92844546,0.80020595,0.0,0.0,0.238026,0.0,1.2162123,0.4313148,1.4250414,0.91780806,0.0,0.37812185,0.0,0.0,0.034873992,0.0,0.0,0.08650615,1.2797507,0.0,0.0,0.0,0.3206361,1.1414026,0.29767686,0.0,0.06569731,1.7742945,0.83007747,0.0,1.0517117,0.07990463,0.01296583,0.0,1.5224905,0.0,0.75945866,0.21892014,0.0,1.1203393,0.06836469,0.51098496,0.87411124,0.7544493,0.0,1.1966594,1.1773683,0.0,0.0,0.0,1.2735239,0.0,0.0,0.0,0.18216409,0.15053308,0.66790676,0.0,0.5915658,0.0,1.1301976,1.071351,0.61166936,1.4679275,0.3357915,0.0,0.0,0.0,0.94093037,0.09150818,0.21343225,0.0067965696,1.0377331,0.046454135,1.1400764,0.99660206,1.1334238,0.14489287,0.985798,0.0,0.0,0.0,0.03556051,0.7492673,0.0,1.6187695,0.37740797,0.29184127,0.0,0.0,0.9147394,0.6605729,0.1946536,0.8072401,0.9508865,0.0,1.4798223,1.1534152,0.16297457,0.2419582,1.1834267,0.4949304,0.95478266,0.108854674,0.9677018,0.0,0.2722625,1.0123707,0.0,0.093643494,0.09631926,0.0,0.0725137,0.0,0.0,0.0,0.0,0.45461434,0.9258548,0.0,0.0,0.0,0.0,1.2739469,0.011131655,0.08841289,1.2354642,0.0,0.2512047,1.3173465,0.9424999,0.13814084,0.049896494,0.70724356,0.0,0.0,0.0,0.0,0.0,1.0420269,0.0,0.0,1.4364741,0.27882865,0.3316494,0.14242016,0.0,0.26022923,0.5583992,1.4574919,0.4213252,0.27730367,0.0,0.11246468,0.066916995,0.2714827,0.26158142,0.756353,0.8683037,0.56620085,0.0,1.3119885,1.2020563,0.0,0.96883875,0.0,0.0,1.0378369,0.8151877,0.0,0.47031218,0.7922347,0.0,0.8966111,1.099218,1.17766,0.5513227,1.0578793,0.19235665,0.0,0.4272654,0.0,0.0,0.0,0.0,0.041012153,1.248135,0.0,0.0,0.13058628,0.0,0.27862924,0.0,1.3186947,0.0,0.06813972,1.0802193,0.18060416,0.0,1.513473,0.0,0.81485766,1.0961221,0.0,0.5808563,0.0,0.705913,0.24317545,0.0,0.12092344,0.0,0.0,0.30662102,0.61785406,0.0,0.0,0.08293581,0.0,0.19686736,0.0,0.3061049,0.15080403,0.8331337,0.0,0.0,0.0,0.0,0.2527547,0.9885209,0.0,0.042338207,0.15006937,0.90961313,0.08245616,0.9614763,1.3795942,0.0,0.0,1.046789,0.0,0.825262,0.870531,0.5416516,0.0,0.0,0.79068416,0.0,0.0,1.2193851,0.0,0.09928744,0.0,0.0,0.0,0.0,0.47454527,0.35370693,1.1781113,0.44252035,0.29241315,0.0,0.70238584,0.0,0.19207889,0.44290146,0.0670363,0.0,1.0569689,0.0,1.7425358,0.228049,0.0,0.0,0.0,0.0,0.0,0.0,1.0436933,0.0,1.0977713,0.0,0.0,1.3461088,0.0,0.54556346,0.8407888,0.0,0.0,0.0,0.0,0.0,0.0,0.0,0.0,0.27504146,0.10960679,1.676454,0.0,0.14410946,0.95927817,0.3729658,1.3845081,0.04837766,0.0,0.0,0.0,0.7879646,0.8470484,0.0,0.51375324,0.81677127,1.2387558,0.0,0.0,0.027764909,0.8918982,0.0,0.42927194,0.0991954,0.0,0.0,0.24623424,0.0,0.86430204,0.0,0.0,0.6336411,0.3525688,0.0,0.10284477,1.4357042,0.0,0.9594492,0.53914934,0.0,0.0,0.0,0.24332657,0.0,1.6253006,0.1669713,0.22711428,1.3159585,0.06751005,0.0,0.020616189,0.98818487,0.0,1.913519,0.0,0.0,0.20928647,0.0,0.0,0.56299853,0.0,0.0,1.128628,0.8428106,0.6305457,0.8546401,1.061661,0.0,0.0052982215,0.19827165,0.9823185,0.93012816,0.27487382,0.0015191082,0.7557047,0.0,0.9667447,0.0,0.33954737,0.13044785,0.08690648,1.0633606,0.0,0.0,0.5026271,0.31947514,0.0,0.0,1.4904543,0.0,0.20494711,0.0,0.48841292,1.2916178,0.9757336,0.05010068,1.6068956,0.2165041,0.0,0.0,0.0,0.0,0.0,0.0,1.0000823,1.4359202,0.0,0.1430042,0.0,0.57451206,0.0,0.0,0.28286037,0.100035526,0.0,0.0,0.9481081,1.1013355,0.0,0.0,0.0,0.8782664,0.0,0.0,1.2814561,0.0,0.0,0.12905526,0.0,0.0,0.0,0.31081948,0.0,0.0,0.036547437,0.0,0.0,1.4743507,0.040279552,0.5336475,0.0,0.3605497,1.0979443,0.76229376,0.0,0.6200379,0.88739526,0.0,0.64578676,0.31948364,0.0,0.9675798,0.9822506,0.0,0.19226688,0.0,0.0,0.0,0.0,0.0,0.0,0.0,0.0,0.46914718,1.2740992,0.0,0.0,0.39111692,1.1017097,0.0,0.30895224,1.5368029,0.0,0.0,0.16639026,0.9978624,0.29197535,0.0,0.45780423,0.0,0.0,0.0,0.0,0.0,0.20878722,0.6522948,0.0,0.0,1.0909969,0.0,0.41385853,0.0,0.0,0.49967232,0.0,0.071055055,0.0,0.0,0.0,</b>
0,<b>,0.65865725,1.0454353,1.1281455,0.65564483,1.2200888,0.0,0.0,0.20355374,0.0,1.5256441,0.0,0.0,1.6757962,0.0,0.0,0.4630791,0.0,0.10755901,0.8708926,0.94453317,0.0,0.0,0.02578554,0.3239728,0.8874694,0.62050647,1.2212715,0.83150613,0.0,0.3165635,0.0,0.0,0.0,0.0,0.0,0.0,1.3698038,0.0,0.0,0.0,0.35801744,1.0179197,0.42481172,0.1391226,0.2701962,1.421058,0.70177513,0.0,1.2834277,0.41146475,0.48704988,0.0,1.3269145,0.0,1.1115762,0.2258972,0.0,0.93953574,0.14155492,0.56329465,0.49866703,0.6914891,0.0,1.0987312,0.5375096,0.0,0.0,0.0,1.4993265,0.0,0.0,0.0,0.12097049,0.0041793506,0.45355514,0.0,0.50284845,0.0,1.2357323,1.4757026,0.43730944,1.5222821,0.6353469,0.0,0.0,0.0,0.9593587,0.22761972,0.0,0.04421045,0.89860696,0.0,1.085363,1.3735964,1.2298744,0.17020309,1.0906118,0.2527783,0.0,0.41292492,0.0,0.6717991,0.0,1.4021153,0.47831425,0.28268757,0.0,0.0021198895,0.9019918,0.67476135,0.24258137,0.5898401,0.83316743,0.0,1.846401,0.9057267,0.10852579,0.7657919,1.1855325,0.47277126,1.154247,0.0,1.248874,0.0,0.8360078,1.2647182,0.0,0.0,0.019857436,0.0,0.29518637,0.0,0.0,0.0,0.0,0.36842614,0.9733005,0.0,0.22911286,0.007946299,0.0,0.992244,0.24421564,0.6467578,1.3124325,0.0,0.17652783,1.3269603,1.4043207,0.57993907,0.0,0.7196925,0.010533336,0.0,0.15769531,0.0,0.05086635,0.79398894,0.0,0.043419216,1.1423099,0.0,0.39933315,0.24354571,0.0,0.09452744,0.28794885,1.345104,0.32472882,0.13424596,0.0,0.016539086,0.46831432,0.45522588,0.013197025,0.65775216,1.1748127,0.7111075,0.0,1.4724505,0.99184513,0.0,0.78309333,0.0,0.08591366,0.93651307,0.43363836,0.0,0.37490806,0.88869584,0.0,0.6601391,1.0392916,1.3080835,0.40417036,1.0713226,0.11452058,0.20051241,0.53927773,0.0,0.0,0.0,0.0,0.39950472,1.4327992,0.0,0.0,0.31682324,0.0,0.32410282,0.0,1.4956177,0.0,0.16215248,1.1582997,0.09035361,0.0,1.3494406,0.0,1.1527902,1.001635,0.0,0.3187684,0.0,0.8245933,0.14814246,0.0,0.03769923,0.0,0.0,0.3842017,0.69023854,0.0,0.0,0.0,0.0,0.16483931,0.0,0.1595372,0.09019849,0.6633405,0.0,0.0,0.0,0.0,0.32181802,1.2783505,0.42976344,0.09092809,0.36451852,0.79806596,0.5932337,0.9838132,1.2108753,0.0,0.0,1.2359736,0.0223457,0.6991543,0.59414613,0.46680722,0.0,0.0,0.43832707,0.0,0.0,0.99675125,0.0,0.0,0.0,0.24642637,0.0,0.0,0.5600729,0.8730362,1.248522,0.45369133,0.3642758,0.0,0.8993796,0.0,0.0,0.44688705,0.0,0.0,1.0614498,0.0,2.0817626,0.17590281,0.0,0.0,0.0,0.0,0.0,0.0,1.3543816,0.0,1.1281394,0.073269345,0.0,1.1394333,0.0,0.59788096,0.8941864,0.0,0.0,0.0,0.0,0.0,0.0,0.0,0.0,0.48507646,0.110017404,1.4345846,0.0,0.3751102,1.1534182,0.3631731,1.3798685,0.0146084465,0.0,0.2237459,0.0,1.3498551,0.35979146,0.0,0.50960904,0.8045869,1.4110956,0.0,0.0,0.08455626,1.2003145,0.0,0.20754468,0.05094395,0.0,0.14693658,0.30875093,0.0,0.45323575,0.0,0.0,0.85102373,0.41211036,0.0,0.25706634,1.3139145,0.0,0.9924052,0.77600086,0.23982844,0.0,0.0,0.00022810604,0.0,1.6032106,0.04036006,0.05111177,1.0150094,0.04904388,0.08906278,0.0,1.1844833,0.0,1.7493101,0.0,0.074124485,0.0,0.0,0.14087868,0.46362746,0.0,0.3477213,1.1374866,0.6448427,0.75637597,0.97600025,0.8194673,0.0,0.22332397,0.0,0.854055,1.0985782,0.04386148,0.0,0.76930547,0.0,1.0780493,0.24593242,0.4587033,0.27041706,0.1654802,1.5473458,0.0,0.51016665,0.67676985,0.16890937,0.0,0.0,1.3517909,0.0,0.32142633,0.0,0.6369847,1.1799514,0.90670234,0.07540347,1.6451093,0.15363175,0.0,0.0,0.0,0.03915432,0.0,0.0,1.114003,1.1605681,0.021224398,0.15205473,0.0,0.3839046,0.0,0.0,0.39989832,0.4834575,0.0,0.0,0.8552476,1.337417,0.0,0.0,0.0,0.84493273,0.0,0.0,1.1422827,0.0,0.0,0.38553825,0.0,0.0,0.0,0.59607434,0.0,0.0,0.0,0.0,0.0,1.3300008,0.0,0.70826644,0.0,0.5465629,1.3981075,0.63116616,0.0,0.7207513,0.8837105,0.0,0.46929732,0.24013591,0.0,0.76625115,0.9271303,0.0,0.027331674,0.0,0.2554994,0.0,0.0,0.071994916,0.0,0.0,0.0,0.6959939,1.2292382,0.0,0.0,0.6467964,1.422253,0.042189594,0.0,1.4877877,0.0,0.0,0.66058403,1.2939575,0.63187855,0.0,0.27692917,0.24491923,0.0,0.0319674,0.0,0.0,0.58666295,0.78194344,0.0,0.085082404,1.0891669,0.0,0.24880324,0.0,0.0,0.46290413,0.22304522,0.14104088,0.0,0.0,0.09553336,</b>
0,<b>,0.8192709,1.3400474,1.0513108,0.084888846,0.86944747,0.09733635,0.0,0.14129952,0.0,1.5969999,0.032803178,0.0,1.1154096,0.0,0.2916758,0.26752034,0.0,0.3959665,1.2335422,0.80256426,0.0,0.0,0.0,0.25934342,1.6569712,0.21130931,1.2000883,1.2757576,0.0,0.0,0.0,0.0,0.0,0.0,0.0,0.22423425,0.96049595,0.0,0.0,0.0,0.978107,1.0106423,0.14521155,0.0354462,0.0,0.98199826,0.5554269,0.0,0.8366255,0.41445234,0.030932518,0.0,1.3242149,0.14056307,0.7718222,0.0,0.0,1.3013899,0.0,0.61598045,1.0755116,0.86756295,0.0,0.95134395,1.1782624,0.0,0.0,0.0,1.444598,0.0,0.0,0.0,0.0,0.0,1.1853334,0.15584993,0.091091804,0.025393251,1.3324927,1.3885012,1.1826302,1.4536015,0.66943324,0.0,0.0,0.0,0.991197,0.0,0.14003426,0.0075633237,1.305702,0.0,1.1566887,1.0615958,0.77880865,0.28154233,1.1862895,0.1519774,0.0,0.016483992,0.0,0.48808303,0.0,1.0843728,0.7721022,0.31025457,0.0,0.0,0.95406085,0.5749415,0.11423722,0.7155241,1.4432253,0.0,1.6166548,1.2025511,0.049655654,0.20538643,1.0187552,1.4222637,1.164832,0.15175295,1.084546,0.0,0.5237666,1.1579007,0.0,0.0,0.15757817,0.0,0.25900835,0.0,0.0,0.0,0.0,0.19925682,0.4051723,0.0,0.0,0.42675054,0.0,1.0425239,0.13300648,0.6075197,1.1010917,0.6224713,0.5960673,1.3269848,1.4907129,0.22683895,0.18971698,1.1080012,0.5247178,0.0,0.0,0.0,0.33230308,0.32725888,0.0,0.17385405,1.2059423,0.551147,0.8233338,0.11801632,0.0,0.3937525,0.0,1.1691285,0.18320498,0.2765495,0.0,0.02477181,0.08022218,0.5684925,0.07393695,0.18906759,0.9019506,0.73955935,0.0,1.2364802,0.9283399,0.0,1.0184966,0.0,0.046699688,1.3274167,0.9097665,0.0,0.653493,1.0328234,0.0,1.3210773,1.4049104,1.0749891,0.0,1.3888094,0.2822856,0.0,0.26702863,0.0,0.0,0.0,0.12205642,0.2611385,1.1464219,0.0,0.0,0.0,0.0,0.3591141,0.0,1.6239699,0.0,0.29674947,1.0774498,0.28890622,0.0,1.327056,0.0,1.2249302,0.8117553,0.0,0.55902946,0.0,0.8333195,0.008483313,0.0,0.0,0.0,0.0,0.0,0.9302013,0.0,0.0,0.0,0.0,0.0,0.0,0.10639863,0.0,1.130729,0.0,0.0,0.0,0.0,0.35748714,0.9333055,0.0,0.0070298323,0.0,1.4147254,0.053852897,0.89503366,1.1697253,0.0,0.0,1.3429728,0.23440224,0.6457884,1.0580654,0.34032547,0.0,0.0,0.43635273,0.0,0.0,0.7874369,0.0,0.42778367,0.2281702,0.0,0.0,0.0,0.014182779,0.5637836,1.3206338,0.97006625,0.4350391,0.0,0.84437436,0.0,0.0,0.17744415,0.03263746,0.0,0.94585633,0.0,2.190545,0.072165266,0.0,0.0,0.0,0.0,0.0,0.0,0.85273665,0.0,1.1571752,0.16027789,0.0,1.124088,0.0,0.82024634,0.65994143,0.0531511,0.0,0.0,0.0,0.0,0.025916182,0.0,0.0,0.43829057,0.27805504,1.3796759,0.0,0.22197153,0.9986972,0.2688662,1.5221009,0.0,0.0,0.0,0.0,1.1070822,0.68810815,0.0,0.0,0.58703494,1.2662196,0.0,0.08447831,0.07300757,1.0363572,0.0,0.09207331,0.24597277,0.0,0.23185122,0.82536423,0.0,1.1635295,0.0,0.536269,0.9603994,0.1632945,0.0,0.14756188,1.3632673,0.0,1.0328208,1.3053721,0.01671986,0.0,0.0,0.49426207,0.0,1.7374524,0.0,0.20666388,1.5346165,0.0,0.025802575,0.055647593,1.4115655,0.0,1.4293476,0.0,0.0,0.0,0.1472923,0.009270808,0.7650773,0.05069125,0.0,1.4479467,0.8433284,0.5029994,0.18772264,0.90112436,0.032269202,0.055659637,0.3602843,0.54483956,0.9686584,0.55339617,0.0,0.67668605,0.036435436,0.8363444,0.0,0.41075134,0.44305533,0.0,1.2846687,0.0,0.18489523,0.69623077,0.80978984,0.0,0.0,1.4656458,0.0,0.0,0.0,0.12556598,1.203455,0.9143588,0.0,1.5312911,0.033889916,0.0,0.0,0.3272163,0.048208144,0.0,0.0,0.976396,1.5399982,0.0,0.0,0.0,0.068144746,0.0,0.0,0.070702516,0.0055277413,0.0,0.0,0.8702987,1.2633377,0.0,0.0,0.0,0.7441543,0.0,0.0,1.2640809,0.0,0.0,0.0,0.0,0.0,0.40275824,0.5540869,0.0,0.095805466,0.0,0.0,0.0,1.2873276,0.0,0.87998277,0.0,0.71793216,1.1620277,0.86865795,0.0,0.8798982,0.8236822,0.0,0.42544305,0.15662235,0.0,0.10572375,0.9667694,0.0,0.0,0.08262185,0.19394287,0.0,0.036471438,0.10091887,0.0,0.0,0.0,0.8445452,1.0640655,0.0,0.0,1.1018041,0.9329084,0.035319682,0.0,1.1912001,0.0,0.13523981,0.0,1.0246365,0.582578,0.18927924,0.22306134,0.109122775,0.0,0.0,0.0,0.0,0.065927394,1.523296,0.0,0.4513653,0.6420855,0.4623755,0.13531417,0.0,0.0,0.1927055,0.09385282,0.22851773,0.0,0.36565548,0.0,</b>
0,<b>,0.8976125,1.6225051,1.0596225,0.17743383,0.8095955,0.082399726,0.0,0.0,0.0,1.6361315,0.48695722,0.0,1.4699836,0.0,0.20952335,0.0,0.0,0.17639935,1.0873351,1.0115516,0.0,0.0,0.32302532,0.0,1.4104139,0.0,1.4557514,1.6793594,0.0,0.03183393,0.0,0.0,0.0,0.0,0.0,0.4426082,1.1639326,0.0,0.0,0.0,0.7428002,1.321881,0.4895128,0.0,0.13662641,1.5093356,0.79434776,0.0,0.80729234,0.15769191,0.0,0.0,1.7152262,0.20491153,0.5162047,0.0,0.0,0.85484314,0.13925332,0.66001564,0.9759021,1.2362843,0.0,0.91259116,1.2335804,0.0,0.0,0.0,1.4912856,0.0055012293,0.0,0.0,0.0,0.0,1.4111847,0.23648712,0.3028907,0.0,1.56843,1.637739,1.1319736,1.5567938,0.4452681,0.0,0.0,0.0,0.9064895,0.0,0.0,0.26932055,1.4500706,0.0,1.168804,1.1299342,1.0077413,0.0,1.302901,0.02767454,0.0,0.26716956,0.0,0.07879193,0.0,1.3641907,0.72459877,0.22388466,0.0,0.0,0.9587533,0.8728676,0.057526182,0.8509958,1.4472451,0.0,2.3488839,1.4929888,0.20154051,0.0,1.1026274,1.3318058,1.4048883,0.12199112,1.0342183,0.0,0.5438934,1.4370009,0.0,0.0,0.38551664,0.0,0.11922675,0.0,0.0,0.0,0.0,0.01713088,0.8850673,0.119781874,0.15170957,0.43134135,0.0,1.3267474,0.0,0.4316365,1.6727611,0.63687915,0.6847071,1.751758,1.5623381,0.0,0.04875279,0.85510194,0.0,0.0,0.06512734,0.0,0.00955988,0.70173407,0.0,0.2661028,1.4997069,0.7015325,1.0423576,0.115340814,0.0,0.33748326,0.5712882,1.0245833,0.090728834,0.038869202,0.0,0.0,0.38174227,0.3329882,0.2875575,0.39672968,0.9388942,0.9178057,0.0,0.98184013,1.2808005,0.0,1.3030244,0.0,0.0,1.1887777,0.97487354,0.0,0.82666487,1.2111782,0.0,1.4977169,1.7827804,1.2256695,0.40873376,1.397645,0.0,0.0,0.6498331,0.0,0.0,0.0,0.026950166,0.08265738,0.9171499,0.0,0.0,0.0,0.0,0.39118236,0.0,1.6894696,0.0,0.201541,1.2972213,0.06291786,0.0,1.5167818,0.05087195,0.98652416,0.9066979,0.0,0.5930446,0.0,1.055366,0.33221477,0.0,0.14615974,0.0,0.0,0.0,1.1836238,0.0,0.0,0.24039838,0.0,0.015905863,0.0,0.44922015,0.28512982,1.323621,0.0,0.0,0.0,0.078873456,0.042748325,0.8923505,0.068450935,0.0033370266,0.0,1.5568154,0.0,1.6079711,1.6085478,0.002989659,0.0,1.3761358,0.2318955,1.0421584,0.79977095,0.5400479,0.0,0.0,0.50114393,0.0,0.0,0.49616268,0.0,0.47498062,0.0,0.0,0.0,0.0,0.0,0.23970845,1.2709504,0.384938,0.2687863,0.0,0.787556,0.0,0.4287157,0.13384067,0.3627406,0.0,1.3909103,0.0,2.1835158,0.03740253,0.0,0.0,0.0,0.0,0.0,0.0,1.2222096,0.0,1.0023057,0.0,0.0,1.2522336,0.0,0.91846627,1.0221722,0.0,0.0,0.0,0.0,0.0,0.0,0.0,0.0,0.40080732,0.045894224,1.672603,0.0,0.08736197,1.0053124,0.26022893,1.7123362,0.029661674,0.0,0.0,0.0,0.84782594,0.9818901,0.0,0.095997125,1.0256082,1.083991,0.0,0.17345472,0.0,1.177199,0.0,0.5092027,0.3883994,0.0,0.3199681,0.7663169,0.0,1.5672977,0.0,0.5862898,1.212876,0.22971019,0.0,0.031419784,1.5160911,0.0,0.9285743,1.1295147,0.0,0.0,0.0,1.2687589,0.0,2.0796428,0.21718758,0.4035058,1.313702,0.0,0.29424724,0.0,1.3476299,0.0,2.0568776,0.0,0.0,0.2880142,0.03738041,0.1266822,0.69029045,0.4253812,0.0,1.6118168,0.8052964,0.35604545,0.5834934,0.8738333,0.0,0.0,0.53023785,0.6737915,1.1919608,0.3434068,0.0,0.6792024,0.1602086,0.78107667,0.0,0.31538522,0.73525673,0.0,1.0077516,0.0,0.017255466,0.42995915,0.5414287,0.0,0.0,1.4712174,0.0,0.29644167,0.0,0.17710741,1.4338944,1.0042557,0.045977112,2.1213543,0.1963168,0.0,0.0,0.4605173,0.23105244,0.0,0.0,1.0566257,2.0412784,0.0,0.18706094,0.0,0.20805013,0.0,0.0,0.0,0.0,0.0,0.0,0.9480269,1.1634412,0.0,0.0,0.0,0.8698753,0.0,0.0,1.4279393,0.0,0.0,0.122493334,0.0,0.0,0.44767812,0.039096102,0.0,0.09166521,0.18181829,0.0,0.0,1.5296929,0.27940774,1.0011764,0.111481495,0.90248597,1.5344213,1.0915557,0.0,1.0279137,0.839652,0.0,0.617059,0.38659808,0.0,0.794525,1.2005266,0.0,0.23899001,0.0,0.0,0.0,0.0,0.0,0.0,0.0,0.0,1.0222635,1.3434696,0.0,0.0,1.0086972,1.1964823,0.07536006,0.052528117,1.3899754,0.0,0.0025863945,0.0068281405,1.3427919,0.48924336,0.0,0.008118007,0.0,0.0,0.14363435,0.0,0.0,0.22047974,1.2064962,0.0,0.10839809,0.6868407,0.0,0.13243292,0.0,0.0,0.0,0.41700888,0.0,0.0,0.23637046,0.26485968,</b>
0,<b>,0.99702334,1.6030716,1.2087792,0.0,1.0245415,0.0,0.0,0.1508142,0.0,1.684033,0.20119995,0.0,1.3671149,0.0,0.07332278,0.0,0.0,0.36028582,1.0716894,1.2118376,0.0,0.0,0.0,0.0,1.5121012,0.0,1.7193841,1.3349484,0.0,0.0,0.0,0.0,0.0,0.0,0.0,0.5312178,1.2722101,0.0,0.0,0.0,0.7810918,1.0624299,0.12112411,0.0,0.0,1.3227471,1.0225476,0.0,0.93309116,0.20391795,0.23680419,0.0,1.5382774,0.4801458,1.0901896,0.0,0.0,1.2308241,0.0,0.7635522,1.0932469,1.556632,0.0,1.3388613,1.2456553,0.0,0.0,0.0,1.3219424,0.0,0.0,0.0,0.0,0.0,1.0325238,0.0,0.07765628,0.0,1.5388826,1.4061676,1.2321934,1.3954903,0.67568445,0.0,0.0,0.0,1.1563679,0.0,0.0,0.19977704,1.6457688,0.0,1.4019581,0.8158527,1.2552959,0.1301474,1.3138112,0.0039042034,0.0,0.0,0.0,0.23285927,0.0,1.6513691,0.673426,0.0943563,0.0,0.0,1.1429645,1.0029606,0.07636065,1.0903516,1.5518532,0.0,2.0345662,1.3533788,0.028840134,0.027800333,1.2933024,1.3933302,1.4058034,0.3024907,1.07687,0.0,0.6853657,1.4332825,0.0,0.0,0.48931116,0.0,0.0,0.0,0.0,0.0,0.0,0.14926289,0.54847264,0.11695366,0.0,0.27009994,0.0,1.5434247,0.0,0.33659428,1.2970783,0.7082442,0.8267995,1.5690441,1.5774404,0.0,0.14310017,0.99661523,0.24537581,0.0,0.0,0.0,0.27458408,0.49386522,0.0,0.0,1.5991613,0.7655664,0.88393027,0.0,0.0,0.04650277,0.2290323,1.3078548,0.33599827,0.0,0.0,0.055361416,0.0,0.5105713,0.053878464,0.2619768,1.06604,0.861931,0.0,1.4690478,1.4836097,0.0,1.355875,0.0,0.0,1.8285989,0.9704311,0.0,0.8260113,1.1338875,0.0,1.1629572,1.6273862,1.7774328,0.0,0.9737979,0.0,0.0,0.29930702,0.0,0.0,0.0,0.0,0.25014478,1.1139761,0.0,0.0,0.0,0.0,0.31183457,0.0,1.8094778,0.0,0.3019169,0.98997295,0.0,0.0,1.6604028,0.0,0.9899357,0.94076765,0.0,0.9311607,0.0,1.0088198,0.26051486,0.0,0.035945214,0.0,0.0,0.0,1.153819,0.0,0.0,0.0,0.0,0.0,0.0,0.29055205,0.2923449,1.2442582,0.0,0.0,0.0,0.0,0.0106992945,0.852255,0.0,0.18767208,0.0,1.4874681,0.0,1.2502658,1.5822164,0.078500904,0.0,1.442781,0.30615675,0.93344337,1.1545748,0.5159978,0.0,0.0,0.35248592,0.0,0.0,0.82034284,0.0,0.33826303,0.0,0.0,0.0,0.0,0.030856866,0.5014103,1.5343133,0.31694046,0.0057825055,0.0,0.93540615,0.0,0.10518174,0.21010883,0.104943365,0.0,1.040572,0.0,2.5903506,0.0,0.0,0.0,0.0,0.0,0.0,0.0,1.2471706,0.0,1.2829028,0.0,0.0,1.2862794,0.0,0.7832159,0.7807085,0.15192054,0.0,0.0,0.0,0.0,0.0,0.0,0.0,0.0,0.0,1.80602,0.0,0.15001841,1.1805009,0.79781604,1.4939394,0.0,0.0,0.0,0.0,0.8035078,0.6668881,0.0,0.15598631,1.1539702,1.4947131,0.0,0.30038643,0.0,1.1519194,0.0,0.061174255,0.03142617,0.0,0.4127887,0.74327195,0.0,1.195816,0.0,0.5969562,1.4753178,0.33824584,0.0,0.18117207,1.6399169,0.0,0.73452157,1.2124218,0.0,0.0,0.0,0.4798262,0.0,1.9088382,0.0,0.30709574,1.5697094,0.0,0.13548271,0.0,1.5860825,0.0,1.754085,0.0,0.0,0.10793836,0.0,0.0,0.90485865,0.07007521,0.0,1.6620735,1.1339335,0.40895942,0.6286216,1.0021429,0.0,0.07873144,0.24583365,0.49394867,0.8137274,0.498359,0.0,0.6171942,0.13252081,1.0802387,0.0,0.42645797,0.45391417,0.0,1.4202193,0.0,0.0,0.6603496,0.8180618,0.0,0.0,1.3918033,0.0,0.0,0.0,0.24460116,1.5456727,1.2991707,0.0,2.1633413,0.0,0.0,0.0,0.24029106,0.0,0.0,0.0,1.0726231,1.52607,0.0,0.0,0.0,0.019084278,0.0,0.0,0.05729074,0.07337274,0.0,0.0,1.0638325,1.1814361,0.0,0.0,0.0,1.1437384,0.0,0.0,1.7914237,0.0,0.0,0.04597371,0.0,0.0,0.4544063,0.5543014,0.0,0.0,0.16826157,0.0,0.0,1.5648156,0.09407246,0.7467781,0.0,0.42570746,1.4348147,1.1295449,0.0,0.85225,0.89389235,0.0,0.7109086,0.23312284,0.0,0.7624262,0.95388514,0.0,0.0,0.0,0.0,0.0,0.07642834,0.1371453,0.0,0.0,0.0,0.93095726,1.607773,0.0,0.0,0.9360356,1.1810844,0.0,0.0,1.3887651,0.0,0.050543487,0.35868934,1.1235553,0.2970813,0.0,0.25530285,0.0,0.0,0.0,0.0,0.0,0.1705981,1.1287966,0.0,0.24682705,0.6923092,0.0,0.063867025,0.0,0.0,0.0,0.17462265,0.134214,0.0,0.058813278,0.0,</b>
0,<b>,1.11691,0.97570956,1.5528083,0.0,0.7961775,0.20647696,0.0,0.0,0.0,1.4694654,0.7804371,0.0,1.3839703,0.0,0.21822591,0.5956922,0.0,0.61622995,0.54478335,1.1611168,0.0,0.0,0.0,0.6468167,1.4794236,0.86695695,1.4551413,0.9212705,0.0,0.2561464,0.0,0.0,0.0,0.0,0.0,0.94096166,0.47912252,0.0,0.0,0.0,0.29559588,1.0691056,0.38207382,0.0,0.23273969,0.8298998,0.7117825,0.0,1.0586846,0.6880586,0.37694708,0.0,1.7426466,0.15571211,1.1007292,0.0,0.2957779,1.0325912,0.0,0.85193545,1.0450456,1.4507439,0.0,0.6513129,0.8408581,0.32929352,0.0,0.0,0.937076,0.0,0.082549326,0.0,0.14889789,0.0,0.7787812,0.5327852,0.0,0.0016091503,1.2500006,0.9391497,1.2289284,1.0081614,0.5774474,0.0,0.0,0.0,1.0963159,0.0,0.26571286,0.9886381,1.2157794,0.0,1.1906183,0.719559,0.8306572,0.41985598,1.0567383,0.44066182,0.0,0.6198936,0.0,0.0,0.0,1.1283888,0.8658131,0.28157714,0.0,0.0,1.0920502,0.4230709,0.18317637,0.8359019,1.0591636,0.0,1.6182085,1.2400938,0.5309976,0.45253748,0.8203945,0.84662783,1.3634901,0.069475375,0.44617507,0.0,0.7078975,1.4364315,0.0,0.0,0.7583845,0.0,0.0,0.0,0.0,0.0,0.0,0.0,0.16775525,0.40063116,0.07920147,0.13371335,0.0,1.2969928,0.0820383,0.3981792,0.6230753,0.73757637,0.12710662,1.3539078,1.1143615,0.19353522,0.34161443,0.69930035,0.0,0.0,0.0,0.0,0.76565206,0.39891237,0.0,0.3809858,1.3855339,0.9298284,0.9874876,0.4038174,0.0,0.1169104,0.6960557,1.0213993,0.7697448,0.29502508,0.0,0.42318857,0.20879126,0.0,0.11240079,0.020838758,1.1315712,1.123604,0.0,0.7133473,1.7024368,0.0,0.92501014,0.0,0.3142807,1.258085,0.7371831,0.0,0.28593388,1.0925695,0.0,1.1003972,1.193814,1.423377,0.0,0.7399987,0.43184724,0.0,0.19208638,0.0,0.0,0.0,0.20536807,0.3191596,1.0208204,0.0,0.0,0.0900757,0.0,0.0,0.0,1.4534553,0.0,0.58584034,0.95399696,0.12549163,0.2049564,1.775997,0.0,0.7775319,0.33635393,0.0,1.1119788,0.0,0.8587127,0.49836388,0.0,0.0,0.0,0.0,0.37538671,0.8494032,0.0,0.0,0.0,0.29029334,0.0,0.0,0.51861596,0.0,1.3240703,0.0,0.0,0.0,0.0,0.2205939,0.3066145,0.42378008,0.19418918,0.0,0.9218667,0.10258263,0.6729105,0.8226885,0.29752204,0.0,1.2878163,0.4407877,0.5957172,0.9971756,0.33496684,0.0,0.36562812,0.052390434,0.0,0.0,0.57512355,0.0,0.0,0.028617222,0.0,0.0,0.0,0.0,0.8434494,1.1415805,0.96461695,0.29630312,0.0,0.26314402,0.0,0.0,0.0061161844,0.19310495,0.0,0.9828797,0.0,2.3150985,0.25685114,0.0,0.0,0.0,0.0,0.0,0.0,1.057003,0.0,0.9118058,0.376217,0.0,0.96553975,0.0,0.34977567,0.71072584,0.0,0.0,0.0,0.0,0.0,0.0,0.0,0.0,0.0,0.5333388,1.2427559,0.0,0.70727944,0.84674805,0.0,1.1099591,0.0,0.0,0.122647785,0.0,1.0657593,0.4738057,0.0,0.0,1.0296836,1.410669,0.0,0.55631727,0.25414833,1.1062263,0.0,0.060952093,0.13901523,0.0,0.6137718,0.71978056,0.0,1.3875611,0.0,0.0038151,1.225998,0.682393,0.0,0.44877166,1.0004215,0.0,0.6743331,0.88232625,0.09496665,0.0,0.0,0.5588037,0.0,2.1525218,0.25422302,0.6428231,1.1026698,0.0,0.9808682,0.0,1.0630257,0.0,1.4518906,0.15860608,0.11861863,0.0,0.0,0.020886732,0.5475219,0.0,0.0,1.7971538,0.7129182,0.6746562,0.2164918,0.49404868,0.0,0.29104298,0.6991058,0.5457018,1.0033404,0.912511,0.0250128,0.58201665,0.0,0.68419385,0.0,0.15601945,0.16063677,0.06946981,1.1551898,0.0,0.24932054,0.31528196,0.3195851,0.0,0.0,1.0010247,0.0,0.2889656,0.0,0.0,0.89601123,1.4041723,0.054143276,2.2500668,0.10649069,0.0,0.0,0.5514793,0.3352692,0.0,0.0,0.62880534,1.0387938,0.0,0.0,0.021288177,0.73908114,0.0,0.0,0.35481605,0.0791472,0.0,0.0,1.1545526,1.0359089,0.3711618,0.0,0.0,1.3431023,0.0,0.0,1.4023219,0.0,0.0,0.39724284,0.0,0.0,0.5532371,0.0683172,0.0,0.043531332,0.21914755,0.071881846,0.0,1.5157117,0.643974,0.49208823,0.03832756,0.023043612,1.1070186,1.2622589,0.0,0.47337547,1.4053203,0.0,0.4177633,0.35062966,0.0,0.4877051,0.6203278,0.0,0.6735819,0.0,0.21544147,0.0,0.31027627,0.45550054,0.0,0.0,0.0,0.24568851,1.3687841,0.0,0.0,1.3289381,0.77424043,0.613899,0.0,1.455444,0.0,0.0,0.88003594,1.2178271,0.24965903,0.025625512,0.39704236,0.16031367,0.0,0.0,0.0,0.0,0.4035234,1.2344273,0.0,0.81161284,0.0,0.2628994,0.4634392,0.0,0.0,0.73160803,0.24743514,0.20632704,0.0,0.7678347,0.0,</b>
0,<b>,1.3065541,1.5473342,0.33774987,0.7200825,1.0116423,0.0,0.0,0.0,0.0,1.0621288,0.0,0.3895817,1.2285566,0.0,0.0,0.10512108,0.0,0.15307869,1.672935,0.90003395,0.0,0.0,0.020342994,0.0,1.9362398,0.06743379,0.7382712,1.457289,0.0,0.8122266,0.0,0.0,0.0,0.0,0.0,0.0,0.95815957,0.0,0.9461217,0.0,1.2042704,1.3513491,0.2197066,0.0,0.01392189,1.6989858,1.1502669,0.0,0.9439323,0.09549576,0.013977768,0.0,1.3780762,0.0,0.27729324,0.35866153,0.0,0.71087533,0.011410332,1.4050039,0.68126357,0.047251396,0.0,1.1242565,1.2332546,0.0,0.1630759,0.0,1.3663205,0.0,0.0,0.0,0.20182288,0.0,0.71967864,0.0,0.5562629,0.0,1.7253529,1.5003643,0.33823264,1.0122682,1.0548596,0.0,0.0,0.0,0.7379304,0.0,0.5260209,0.0,0.9379818,0.09416185,1.1856903,1.4394261,0.8887321,0.0,1.3068628,0.0,0.0,0.0,0.49974632,1.4096856,0.0,1.6460285,0.19289455,0.27866787,0.0,0.0,0.94353247,0.82547617,0.3455874,0.20689802,1.0942166,0.0,0.6511092,1.0123298,0.0,0.0,1.5596538,0.58622617,1.1357734,0.0,1.3602898,0.0,0.9944169,1.6492754,0.0,0.0,0.0,0.0,0.0,0.0,0.0,0.0,0.0,0.35435718,1.0363166,0.0,0.0,0.07809154,0.0,0.84358954,0.0,0.24610382,1.3266327,0.9082976,0.6190413,1.3968191,1.1800282,0.0,0.09619559,0.9976304,0.0,0.0,0.0,0.0,0.15873526,0.5386797,0.0,0.0,0.7788319,0.0,0.3996786,0.39938673,0.0,0.10148768,0.28429946,1.0369412,0.0,0.0,0.0,0.8225876,0.0,0.13052262,0.21467233,1.0250663,1.0278984,1.0757308,0.0,0.7982695,0.75899965,0.0,0.9731533,0.0,0.0,1.0594054,0.5320075,0.0,1.2136639,0.60763866,0.0,1.060415,0.61244285,0.2956546,0.64798254,1.5039344,0.0,0.0,0.5079284,0.0,0.0,0.0,0.09574423,0.0,1.0042278,0.0,0.0,0.008298432,0.0,0.39525765,0.0,0.90005344,0.0,0.31828895,1.6711797,0.3104983,0.0,1.3919302,0.008561389,1.2262015,0.6249278,0.0,0.0,0.0,1.0163686,0.3071372,0.0,0.07503514,0.0,0.0,0.2895982,0.3938981,0.0,0.0,0.0,0.0,0.07458722,0.094067484,0.06390034,0.0,0.9366606,0.0,0.0,0.0,0.4912605,0.23297524,1.1779958,0.025490144,0.05866468,0.0,0.9433274,0.0,1.2013586,1.3841453,0.0,0.0,1.193543,0.0,0.91047513,0.6441238,0.30739534,0.0,0.0,0.046468563,0.0,0.0,0.8334345,0.0,0.47959366,0.09929776,0.0,0.0,0.0,0.3853975,0.101382,0.98506576,0.47211564,0.0,0.0,0.57931906,0.0,0.57039416,0.0,0.0,0.0,1.2418177,0.0,1.7763009,0.0,0.0,0.0,0.0,0.13116989,0.0,0.0,1.2431209,0.0,0.71616745,0.0,0.0,1.057861,0.5923411,0.79037505,1.1463236,0.0,0.0,0.0,0.38983878,0.0,0.0,0.0,0.25004056,0.66440064,0.0,0.8112702,0.0,0.22828053,1.2766168,0.22221738,1.1229585,0.0,0.43355504,0.0,0.0,0.23234771,1.490263,0.0,0.49221525,1.2257308,1.3092877,0.0,0.08169413,0.0,0.77492774,0.0,0.0,0.0,0.0,0.06988871,1.0630031,0.0,1.2363327,0.0,0.0,0.35078537,0.0,0.0,0.123915754,1.2350137,0.0,1.0630546,1.5098656,0.0017755516,0.0,0.69155747,0.0,0.54272443,1.7832038,0.18372953,0.035644498,1.6925263,0.0,0.0,0.0,1.4553323,0.0,1.4167471,0.0,0.0,0.45490518,0.18907188,0.0,1.3539106,0.46124426,0.0,1.3373122,1.0091813,0.0,0.0,1.4070232,0.0,0.0,0.30685169,1.1891463,1.5974282,0.0,0.0,1.162581,0.31505403,1.1166463,0.0,0.91149426,1.2126902,0.0,1.2671319,0.0,0.0,0.49736837,0.0,0.09574167,0.0,1.1795344,0.0,0.28997058,0.0,1.2538319,0.6158513,0.701786,0.2970104,1.604123,0.031170156,0.0,0.5137363,0.16432762,0.18473497,0.0,0.0,1.0014069,1.922405,0.0,0.3842557,0.0,0.23177442,0.0,0.717532,0.23466435,0.023053758,0.0,0.0,0.44622663,1.4331884,0.0,0.0,0.0,1.1267904,0.0,0.0,1.3197346,0.0,0.0,0.23298961,0.0,0.0,0.0,0.3427474,0.0,0.0,0.0,0.0,0.07149248,1.1286443,0.0,0.82407147,0.0,0.8648976,0.87620145,1.3763922,0.0,0.5418706,0.2854138,0.0,0.067847475,0.13760829,0.0,1.0103369,0.86081976,0.0,0.0,0.017842257,0.038892422,0.0,0.0,0.14639328,0.0,0.0,0.0,0.6563598,1.1040891,0.0,0.23166974,0.7299517,0.70069915,0.5467325,0.28427318,1.3776386,0.17039387,0.016454622,0.0,1.0883504,0.045022637,0.0,0.3660306,0.0,0.0,0.0,0.0,0.0,0.10974764,0.623446,0.0,0.0,1.2747631,0.0,0.621863,0.0,0.0,0.17768694,0.43066216,0.0,0.0,0.0,0.0,</b>
0,<b>,1.411469,1.7904491,0.94458085,0.026980862,0.9969655,0.27505514,0.0,0.06604553,0.0,2.2076292,0.40401512,0.0,1.6013172,0.0,0.19569433,0.072633065,0.0,0.1992338,1.4410994,1.4120963,0.0,0.0,0.0,0.09054816,1.9993546,0.14670652,1.3727272,1.5256212,0.045144394,0.0,0.0,0.0,0.09414147,0.0,0.0,0.41946152,1.061487,0.10199629,0.0,0.0,0.75092876,1.1207829,0.45172402,0.19731133,0.42439523,1.4370798,1.2916486,0.0,1.2289937,0.7032074,0.12047094,0.0,1.8063422,0.32507002,0.6333293,0.0,0.0,0.9788571,0.3902291,1.0051509,1.2622023,1.2296697,0.0,1.3505913,1.4655204,0.0,0.0,0.0,1.080291,0.11554137,0.0,0.0,0.0,0.0,1.2284673,0.34317547,0.023066707,0.1095075,1.6305622,1.5806428,0.9873049,1.4809452,0.76329887,0.0,0.0,0.0,1.2660679,0.0,0.019933108,0.36166602,1.6152052,0.0,1.7080498,1.4556687,0.96183336,0.107081406,1.4040415,0.34616607,0.0,0.13964401,0.0,0.19778351,0.0,1.3851517,0.9866576,0.26310733,0.0,0.0,0.97487444,0.8211579,0.16772267,0.7108319,1.84116,0.0,1.8933225,1.0002186,0.0,0.064168885,1.3592398,1.4567403,1.7979834,0.0,1.40813,0.0,0.7490409,1.4738411,0.0,0.0,0.46843514,0.0,0.31665397,0.0,0.0,0.0,0.0,0.19592704,0.5406713,0.27602875,0.23829764,0.40978718,0.0,1.5941019,0.0,0.51905805,1.5521065,0.9754879,0.79279965,1.9860098,1.8056555,0.15504746,0.23679644,1.19519,0.17001714,0.0,0.0,0.0,0.020214822,0.05314952,0.0,0.14814006,1.3021,0.8417131,0.80067664,0.21047162,0.0,0.0,0.23952217,0.88098794,0.25060913,0.0,0.0,0.0,0.1886093,0.0,0.0,0.32012078,1.1475034,1.0043871,0.0,1.6825731,1.4832243,0.0,1.1595998,0.0,0.0,1.7587551,1.11553,0.0,0.7573618,1.3187253,0.0,1.0569838,1.9499371,1.082624,0.0,1.2305062,0.18177941,0.0,0.6802299,0.0,0.0,0.0110871885,0.17591976,0.6652729,1.1678479,0.0,0.0,0.0,0.0490589,0.44518703,0.0,1.8192338,0.0,0.32854408,1.5397788,0.0,0.0,1.4430178,0.16743667,1.0885341,0.9709248,0.0,0.619943,0.0,1.1274449,0.5077895,0.0,0.0,0.0,0.0,0.28619897,1.5031828,0.0,0.0,0.0,0.0,0.0,0.0,0.2507074,0.0,1.4978597,0.0,0.0,0.0,0.1733064,0.19568223,1.0573554,0.19034998,0.21839815,0.0,1.3681195,0.05189359,1.1536698,1.3358375,0.14463577,0.0,1.4493265,0.42680925,0.98274463,1.2612587,0.4272799,0.0,0.0,0.0,0.0,0.0,0.8098729,0.0,0.61035836,0.18984379,0.0,0.0,0.0,0.0,0.30422047,1.2851146,0.4332661,0.15507844,0.0,0.6546977,0.0,0.09665811,0.103293404,0.3649703,0.0,1.4282942,0.0,2.584412,0.0,0.0,0.0,0.0,0.0,0.0,0.0,1.6027849,0.0,1.0878128,0.0,0.0,1.2650164,0.034567673,0.84643376,0.97478145,0.0,0.0,0.0,0.0,0.0,0.07617002,0.0,0.3340506,0.37211213,0.03140445,1.3133781,0.0,0.47317603,1.1424849,0.42146933,1.7138284,0.0,0.0,0.0,0.0,0.8833466,1.2143955,0.0,0.0,1.188412,1.6838493,0.0,0.4328418,0.058093026,1.2154925,0.0,0.2626074,0.4599192,0.0,0.52057403,1.0606748,0.0,1.6224082,0.0,0.9396429,1.0689337,0.0,0.0,0.4285766,1.3053924,0.0,0.89305556,1.4389247,0.0,0.0,0.0,0.53954536,0.0070230328,1.9260573,0.15339947,0.46146658,1.5749178,0.0,0.42131957,0.0,1.6537191,0.0,2.1566765,0.0,0.0,0.051756255,0.54813844,0.0,0.25558794,0.19311063,0.0,1.9696106,0.8324974,0.2807257,0.3270583,0.79984504,0.0,0.0,0.49364492,0.28164378,1.32328,0.07461994,0.0,1.0970072,0.027210396,1.193664,0.0,0.8115217,0.6525773,0.0,1.466474,0.0,0.114822,0.79634756,0.85473216,0.0,0.0,1.4339278,0.0,0.27381825,0.0,0.15647116,1.366721,1.4035506,0.06275527,2.520829,0.0,0.0,0.0,0.3667055,0.40594074,0.0,0.0,1.0887284,2.228925,0.0,0.27114055,0.16798992,0.08405801,0.0,0.0,0.114888795,0.0,0.0,0.0,1.1832477,1.4400146,0.0,0.0,0.0,1.0789086,0.0,0.0,2.0280263,0.0,0.0,0.12688874,0.0,0.0,0.54405284,0.36419937,0.0,0.0,0.020201044,0.0,0.0,1.6339263,0.13717525,1.0817189,0.0,0.9346277,1.6808805,1.4133079,0.0,1.2284871,0.9388392,0.0,0.6459765,0.01926221,0.0,0.74300677,0.93248576,0.0,0.0,0.0,0.0,0.0,0.3886895,0.28243992,0.0,0.0,0.12084142,0.8451428,1.7320197,0.0,0.0,0.846177,1.4601959,0.46414793,0.0,1.9585333,0.0,0.111841634,0.3662487,1.2996193,0.8793524,0.0,0.32732484,0.04217238,0.0,0.31398454,0.0,0.0,0.48591396,1.747122,0.0,0.58959556,0.5366422,0.0,0.40782744,0.0,0.0,0.0,0.3037184,0.17221315,0.0,0.4416306,0.42372406,</b>
0,<b>,1.4526753,1.0886168,0.947521,0.0,1.2012194,0.0,0.0,0.22863024,0.0,1.7007078,0.34094322,0.0,1.8468888,0.0,0.060771,0.0875799,0.0,0.32821238,1.6065292,1.209898,0.0,0.0,0.0,0.39070052,1.8885992,0.117028005,1.40609,1.2256123,0.0,0.14477718,0.0,0.0,0.060167342,0.0,0.0986877,0.20632999,1.194573,0.0,0.0,0.0,0.7793074,0.90425205,0.023566343,0.07347676,0.0,1.5781518,0.45831507,0.0,0.9663212,0.043241717,0.0,0.0,1.4153146,0.074964926,1.1979693,0.33046955,0.0,1.3843184,0.0,0.25062498,0.93641096,1.06557,0.0,1.7589668,1.2207882,0.0,0.0,0.0,1.9413929,0.0,0.0,0.0,0.0,0.0,1.1845639,0.0,0.68164766,0.092813075,1.7251083,1.2859199,0.7454614,1.4708899,0.73282677,0.0,0.0,0.0,1.039472,0.07520351,0.31361213,0.0,1.9817643,0.0,1.1554747,1.5937082,1.2543192,0.0,1.4607126,0.19616958,0.0,0.0975608,0.0,0.78699774,0.0,1.4540076,1.1609712,0.0675577,0.0,0.0,0.78209895,0.9061445,0.11810401,0.30184963,1.2027382,0.0,1.9181801,1.6319095,0.0,0.4466049,1.2141525,1.8430814,1.2825534,0.17289975,1.8913722,0.0,0.9242314,1.5725751,0.0,0.0,0.0,0.0,0.19983225,0.0,0.24248208,0.0,0.0,0.59285665,0.8974583,0.0,0.3435281,0.0,0.0,1.6728725,0.0,0.7796897,1.6870005,0.64820385,0.99692345,1.9686791,1.8159461,0.35513404,0.03049773,1.2994224,0.43313095,0.12947626,0.0,0.0,0.17836456,1.0936365,0.0,0.1302483,1.3912146,0.17988808,0.46905243,0.0,0.0,0.12432953,0.13509378,1.0499562,0.22296123,0.26165265,0.0,0.32095134,0.41658875,1.0694071,0.0,1.0925236,1.3940827,1.0630529,0.0,1.1096914,0.9703705,0.0,1.2488877,0.0,0.0888668,1.4343904,0.8269732,0.0,1.0302403,1.3161836,0.0,1.2655909,1.5675029,1.1531487,0.40604246,1.6833234,0.36311617,0.0,0.93371177,0.0,0.0,0.02469498,0.10542286,0.4598613,1.5678346,0.0,0.0,0.0,0.0,0.7968068,0.0,2.0529575,0.0,0.10076895,1.1213089,0.38594207,0.0,1.9884647,0.0,1.6034,1.3138033,0.0,0.7562342,0.0,0.8829811,0.0,0.0,0.0,0.0,0.0,0.15733908,0.6366091,0.0,0.0,0.0,0.0,0.0,0.0,0.05928661,0.0,1.2732213,0.0,0.0,0.0,0.13899453,0.044774123,1.2572268,0.15436909,0.056031324,0.016703598,1.7141286,0.0,1.1717621,1.3563786,0.0,0.0,1.3559629,0.0,0.67129385,1.2102286,0.3588834,0.0,0.0,0.4880565,0.0,0.0,0.7809901,0.0,0.55595493,0.0,0.0,0.0,0.0,0.47757927,0.2578642,1.3853921,0.9692982,0.0,0.0,0.91261,0.0,0.0,0.0,0.0,0.0,0.8154364,0.0,2.6448157,0.41684714,0.0,0.0,0.0,0.008457524,0.0,0.0,1.5742934,0.0,1.0616924,0.06142638,0.0,1.9081655,0.089490354,1.0215306,1.1104766,0.0,0.0,0.0,0.0,0.0,0.082868926,0.0,0.0,0.12718853,0.0,1.5456461,0.0,0.53182316,1.2798909,0.0,1.8082355,0.0,0.4685071,0.22840369,0.0,0.93157065,1.0444808,0.0,0.6500086,0.040778898,1.918324,0.0,0.0,0.17909002,1.6261867,0.0,0.5135972,0.019176131,0.0,0.0,0.985433,0.0,1.136247,0.0,0.08049966,1.1341596,0.21877393,0.0,0.030719735,1.9860929,0.02253576,1.0005233,1.2674181,0.0046785166,0.0,0.0,0.18512788,0.0,1.9851898,0.21989515,0.0,1.5593573,0.05827561,0.11608456,0.0,1.59157,0.0,1.5350723,0.0,0.0,0.2128148,0.05686475,0.0,0.8318071,0.28593665,0.0,1.4611268,1.0335395,0.4799135,0.3345794,1.3685038,0.012076813,0.0,0.14231706,1.1249719,1.0950384,0.0,0.0,1.0810905,0.0,1.1832641,0.0,1.0629959,0.5456578,0.17137441,1.8152864,0.0,0.33128804,0.9897902,0.67775524,0.0,0.0,0.9623884,0.0,0.0,0.0,0.58386505,1.3572229,0.9378849,0.061521675,1.6805549,0.39443615,0.0,0.0,0.0,0.09407615,0.0,0.0,0.7145946,2.193866,0.0,0.22669369,0.0,0.21488255,0.0,0.1017703,0.31479576,0.22765,0.0,0.0,1.2312074,2.1611342,0.0,0.0,0.0,1.3194021,0.0,0.0,1.7608333,0.0,0.0,0.12441011,0.0,0.07079015,0.27263647,0.60836977,0.0,0.0,0.0,0.0,0.0,1.8602667,0.0,1.2612238,0.0,0.7654739,1.2306794,1.1746476,0.0,1.0230867,0.6379364,0.0,0.9135474,0.12294811,0.0,0.09344016,1.1676894,0.0,0.101653226,0.0,0.2244915,0.15012282,0.0,0.4278989,0.0,0.0,0.0,0.90401214,1.3625609,0.0,0.0,0.67704445,1.3990762,0.0,0.0,1.8157172,0.0,0.036995605,0.044305544,0.9739056,1.0157425,0.0,0.09516582,0.0,0.0,0.0,0.0,0.0,0.12615602,1.6328202,0.0,0.08340226,1.0585029,0.18920839,0.091395855,0.0,0.0,0.119739346,0.0,0.37528732,0.0,0.2925224,0.0,</b>
0,<b>,1.5661501,1.8386981,0.74208,0.1285985,1.6565998,0.0,0.0,0.18842566,0.0,1.9672296,0.0,0.0,1.7497399,0.0,0.072779745,0.028984826,0.0,0.16108373,1.6143234,1.6916416,0.0,0.0,0.0,0.00714573,2.054647,0.08544356,1.8921589,1.460463,0.0,0.040212274,0.0,0.0,0.0,0.0,0.0,0.0,1.3399942,0.0,0.09751489,0.0,1.1233284,1.5071352,0.030793391,0.0,0.0,2.073743,1.3326876,0.0,1.3319324,0.45182294,0.23532742,0.0,1.6332968,0.0,1.1527842,0.7234996,0.0,1.1131192,0.0,1.1235906,0.68899965,0.957506,0.0,1.8428575,1.5388358,0.0,0.0,0.0,1.6024349,0.0,0.0,0.0,0.0,0.0,1.0738243,0.0,0.8724526,0.0,1.8227926,1.6923964,0.86351085,1.4473467,1.0892814,0.0,0.0,0.0,1.2320307,0.0,0.31918612,0.0,1.9826207,0.0,1.1652958,1.6349897,1.705391,0.0,1.8441497,0.0,0.0,0.0,0.0,1.4734216,0.0,1.8022145,0.9258172,0.18934928,0.0,0.0,1.2116756,1.4581376,0.0,0.5458353,2.0477743,0.0,1.6212362,1.3922895,0.0,0.20869353,1.7519433,1.6634676,1.5496948,0.1671221,2.173352,0.0,1.017536,1.7263163,0.0,0.0,0.0,0.0,0.4741237,0.0,0.0,0.0,0.0,0.7734983,1.2311674,0.0,0.075304344,0.10774463,0.0,1.732804,0.0,0.42964607,1.936298,0.95185053,0.88167405,1.6283153,1.4216074,0.1520263,0.0,1.2032781,0.42598072,0.0,0.08629161,0.0,0.0,1.027074,0.0,0.0,1.2106148,0.0,0.09925243,0.4394231,0.0,0.0,0.0,1.4875492,0.0,0.0,0.0,0.783787,0.0,0.95282555,0.0,1.1230577,1.8364035,1.0148661,0.0,1.6096072,1.0281211,0.0,1.3024133,0.0,0.0,1.8663131,1.01354,0.0,1.1147926,1.5575724,0.0,0.7624722,1.4338546,0.991478,0.75334495,1.6770461,0.0,0.06476497,0.8187251,0.0,0.0,0.0,0.050522037,0.33829725,1.8293589,0.0,0.0,0.0,0.0,1.1211139,0.0,1.9095821,0.0,0.0084636025,1.5295111,0.25414684,0.0,1.8220981,0.0,1.5478417,1.5144085,0.0,0.20330036,0.0,1.3241506,0.0,0.0,0.0,0.0,0.0,0.3072089,0.63871074,0.0,0.20796552,0.0,0.0,0.0,0.0,0.0,0.0,0.57715905,0.0,0.0,0.0,0.56359875,0.0,2.0268395,0.1450026,0.0,0.0,1.3936806,0.0,1.535599,1.5102885,0.0,0.0,1.231699,0.07290739,0.9553535,1.1969947,0.30948073,0.0,0.0,0.18449515,0.0,0.0,1.0585235,0.0,0.58763516,0.034944642,0.0,0.0,0.0,1.0911608,0.4272662,1.3218987,0.5645564,0.21775942,0.0,0.9631637,0.0,0.16987576,0.017561011,0.0,0.0,0.994402,0.0,2.6902323,0.07417925,0.0,0.0,0.0,0.0,0.0,0.0,1.792813,0.0,1.290776,0.0,0.0,2.2432017,0.0,1.2103968,1.5123404,0.0,0.0,0.0,0.0,0.0,0.111660056,0.0,0.09888325,0.0,0.0,1.7754014,0.0,0.07710257,1.4129254,0.6801998,1.8503675,0.04791819,0.42572865,0.13432327,0.0,0.91676724,1.0462179,0.0,0.8412831,0.98865783,2.2453058,0.0,0.0,0.0,1.4198349,0.0,0.02544671,0.0,0.0,0.062136527,1.0279263,0.0,1.1147845,0.0,0.27538168,0.9108891,0.0,0.0,0.016495273,1.6411084,0.0,1.1834445,1.469533,0.0,0.0,0.0,0.0,0.0,2.5143504,0.2689976,0.0,1.9029602,0.0,0.0,0.0,1.7393612,0.0,2.0560932,0.0,0.0,0.16490097,0.0,0.12242075,1.2245984,0.0,0.0,1.6576266,1.4364986,0.0,0.45873037,1.5531574,0.0,0.0,0.0,1.0425383,1.7776374,0.050147228,0.0,1.3520164,0.0,1.3528696,0.0,1.0847578,0.64570206,0.0,2.0424426,0.0,0.07618597,1.0094117,0.85394925,0.0,0.0,1.2524859,0.0,0.0,0.0,1.1189895,1.4982847,0.9451006,0.008370649,1.8363378,0.0,0.0,0.47795314,0.0,0.031764742,0.0,0.0,1.235637,2.29245,0.0,0.3362769,0.0,0.0,0.0,0.6502287,0.4394407,0.16693485,0.0,0.0,0.9937202,1.787725,0.0,0.0,0.0,1.301935,0.0,0.0,1.7560486,0.0,0.0,0.0,0.0,0.0,0.0,0.9781055,0.0,0.0,0.0,0.0,0.00461243,1.9102838,0.0,0.9240222,0.0,1.1477839,1.3663301,1.16143,0.0,0.73241967,0.618714,0.0,0.7039472,0.0,0.0,1.204537,1.104377,0.0,0.0,0.07723737,0.17438477,0.0,0.0,0.0,0.0,0.0,0.0,0.69535,1.6229234,0.0,0.0,0.57021546,1.4998627,0.0,0.0,1.7763764,0.0,0.0,0.0,1.4706712,0.75717825,0.0,0.0,0.0,0.0,0.0,0.0,0.0,0.5575277,1.3534158,0.0,0.0,1.5529317,0.19889483,0.12389097,0.0,0.0,0.0,0.14905529,0.11121385,0.0,0.0,0.116436064,</b>
0,<b>,1.578689,1.1910926,0.0,0.271548,0.31682962,0.043390363,0.0,0.0,0.0,0.87712353,0.0,1.1991428,0.8513596,0.0,0.0,0.0,0.0,0.0,1.0695503,0.91917133,0.0,0.0,0.0,0.0,1.2629132,0.40861222,1.3383808,1.2093263,0.0,0.1281124,0.0,0.0,0.0,0.0,0.4193796,0.0,0.7730564,0.12026487,0.9832117,0.0,0.6631073,0.6473659,0.12058431,0.4298556,0.0,0.88860005,1.0615692,0.0,0.27641955,0.0,0.0,0.0,1.4014775,0.14901412,0.63468254,0.5927391,0.0,0.36355442,0.0019119447,0.98743755,0.050090022,0.34750497,0.0,0.91684175,0.990144,0.21690089,0.0,0.0,0.6887746,0.0,0.0,0.0,0.16124378,0.19498064,0.92350996,0.0,0.0,0.0,1.1624409,1.5770236,1.1118398,0.8733676,1.231134,0.23439111,0.0,0.0,0.0,0.002648849,0.0,0.0,0.6909686,0.0,0.5972496,1.0605227,0.48525113,0.0,1.0859292,0.0,0.0,0.0,0.62061554,1.1771636,0.0,1.2613816,0.5605142,0.0,0.0,0.0,0.72778827,0.8139899,0.0,0.17245173,0.76586825,0.0,1.2368029,0.96666825,0.021552632,0.23108774,1.3570224,0.0,1.101311,0.0,0.90849537,0.0,0.7232891,0.94959164,0.0,0.0,0.0,0.0,0.0,0.0,0.0,0.0,0.0,0.0,1.0712154,0.0,0.0,0.016447166,0.0,0.12791657,0.0,0.0,0.71881604,0.8193547,0.6986605,0.53594315,0.9466739,0.0,0.097388975,0.66878694,0.0,0.0,0.0,0.85271835,0.0,0.6008356,0.0,0.0,1.1139879,0.0,0.0,0.0,0.0,0.0,0.0,0.72985035,0.053189404,0.0,0.27317715,0.7124349,0.0,0.0,0.0,0.97785985,0.0,0.9171288,0.0,1.0310036,0.9221833,0.0,0.58042383,0.5339825,0.0,1.1525139,0.56969124,0.0,1.00634,1.2741121,0.0,0.8703907,0.9010226,0.0,0.0121717425,1.1182406,0.0,0.0,0.5654191,0.0,0.0,0.0,0.0,0.074386805,0.6538471,0.0,0.0,0.0,0.0,0.59033084,0.2967679,0.87183845,0.8319526,0.31353524,1.3861058,0.0,0.0,1.2706169,0.0,0.5370972,0.8738514,0.7779653,0.5189204,0.0,0.53943425,0.0,0.0,0.0,0.737136,0.0,0.0,0.802599,0.0,0.0,0.0,0.0,0.0,0.0,0.0,0.0,0.0,0.0,0.0,0.0,0.5944057,0.0,1.1481681,0.0,0.0,0.054132037,1.0144318,0.0,0.70855945,0.58949125,0.0,0.0,1.1714053,0.0,0.9402406,0.7180733,0.17329422,0.0,0.0,0.0,0.0,0.0,0.74730855,0.0,0.31692603,0.0,0.0,0.0,0.0,0.043604005,0.13393848,1.193142,0.25725776,0.0,0.0,0.34049433,0.0,0.047978673,0.0,0.0,0.0,1.1853303,0.0,1.655226,0.0,0.0,0.0,0.0,0.0,0.0,0.0,0.61197776,0.0,0.3912766,0.0,0.0,0.78028464,0.0,0.39875844,0.9474992,0.0,0.0,0.0,0.7875084,0.0,0.0,0.0,0.0,0.010096543,0.0,1.2254267,0.0,0.0,0.7758755,0.64781314,1.0666773,0.0,0.27801755,0.0,0.0,0.13569953,0.9736887,0.0,0.50848526,0.91576743,0.16301681,0.0,0.21547654,0.0,0.7467099,0.0,0.0,0.0,0.0,0.0,1.0771217,0.0,0.68775994,0.0,0.0,0.9977177,0.0,0.0,0.18483633,1.87531,0.0,1.4136158,1.191518,0.0,0.0,0.57332546,0.0,0.4770312,1.3144317,0.0,0.31435472,0.7429943,0.0,0.0,0.0,1.49954,0.0,0.75929916,0.0,0.080785826,1.0388267,0.44684786,0.0,0.8794282,0.0,0.0,0.5345778,0.816041,0.0,0.71305776,0.0020154333,0.083360754,0.0,0.16716239,0.8506826,1.3052666,0.0,0.0,1.3490745,0.20370145,0.84440386,0.0,0.5782525,1.0968369,0.0,1.551534,0.0,0.0,0.0,0.0,0.0,0.0,1.1321458,0.0,0.0,0.0,0.94028723,0.14296374,0.80905354,0.0,1.4252993,0.0,0.0,0.058199845,0.0,0.12837586,0.0,0.0,0.9387085,1.0792135,0.0,0.0,0.0,0.45096028,0.0,0.5692374,0.0,0.0,0.0,0.0,0.45185083,0.8512612,0.0,0.0,0.0,0.82034576,0.0,0.0,0.9639049,0.0,0.0,0.0,0.0,0.0,0.0,0.5526699,0.0,0.0,0.0,0.0,0.0,0.116922125,0.0,0.9312449,0.0,1.3428801,1.0229282,0.4098523,0.50282747,0.0,0.401474,0.0,0.5212317,0.0,0.0,1.1980263,0.7905468,0.0,0.0,0.0,0.0,0.0,0.0,0.0,0.0,0.43407154,0.3827971,0.93837464,0.1955329,0.0,0.655944,0.24227467,0.83601165,0.64013547,0.33662084,0.22369719,0.0,0.0,0.14051656,1.4409921,0.0,0.0,0.0,0.0,0.0,0.0,0.0,0.0,0.0,0.6821112,0.0,0.0,1.0645139,0.0,0.0,0.0,0.55004334,0.0,0.0,0.0,0.0,0.0,0.0,</b>
0,<b>,1.9905775,2.147508,0.52074206,0.4793907,1.1597234,0.0,0.0,0.028594889,0.0,1.532135,0.0,0.5177455,1.6163254,0.0,0.0,0.0,0.0,0.0054224394,1.6172051,1.3618861,0.0,0.0,0.0,0.055630572,1.8233443,0.0,1.5469129,1.2928367,0.0,0.6953052,0.0,0.0,0.0,0.0,0.0,0.0,1.8451885,0.0,0.32334206,0.0,0.8895438,1.4126583,0.07288243,0.09987594,0.042912412,1.8488339,1.5216267,0.0,1.1909941,0.15964517,0.0,0.0,1.9168237,0.0,0.63825786,0.38525513,0.0,0.809195,0.094584234,0.9187691,0.6025312,0.77133733,0.0,1.5703183,1.8533725,0.0,0.0,0.0,1.0837893,0.0,0.0,0.0,0.24362288,0.0,1.1208485,0.0,0.030512117,0.0,1.4446185,1.7323631,0.28409055,1.4912883,0.90611726,0.053240325,0.0,0.0,0.9733636,0.12966214,0.17999311,0.0067533264,1.048845,0.0,1.4821411,1.8006781,1.4270905,0.0,1.4674454,0.0,0.0,0.0,0.0,1.1542451,0.0,2.0219045,0.5130081,0.0010772077,0.0,0.0,0.5652974,1.0027338,0.35029405,0.44107246,1.1739446,0.0,1.351898,1.4363736,0.0,0.14751157,1.9763069,0.94194067,1.8346621,0.0,1.2775649,0.0,1.1231507,1.5503894,0.0,0.0,0.0,0.0,0.0,0.0,0.0,0.0,0.0,0.56958884,1.3328158,0.003684938,0.13108815,0.13227332,0.0,1.6084737,0.0,0.025625411,2.3210468,1.0961819,1.1542807,1.6075804,1.3043475,0.0,0.35551235,0.85451025,0.10406992,0.0,0.0,0.0,0.0,0.83767706,0.047540218,0.0,0.97121614,0.023931291,0.13798887,0.046219293,0.0,0.0,0.10850195,1.1367278,0.0,0.036218807,0.0,0.8198906,0.0,0.057750598,0.0,0.9729587,1.2950504,0.7370455,0.0,1.4186012,1.0251743,0.0,1.1966871,0.0,0.0,1.4630668,0.8775763,0.0,1.2219155,1.5769757,0.0,0.93118787,0.97493213,0.69981503,0.6309294,1.5846915,0.0,0.0,1.1007215,0.0,0.0,0.0,0.0,0.05524325,1.0864024,0.0,0.0,0.0,0.0,0.69156873,0.0,1.2999667,0.14279439,0.047508944,2.0028472,0.0,0.0,2.1086702,0.0,0.9782215,1.6928561,0.0,0.019387078,0.0,1.5942101,0.21841377,0.0,0.0,0.0,0.0,0.14219712,0.8074634,0.0,0.0,0.0,0.0,0.0,0.0,0.4406666,0.022263993,0.26717383,0.0,0.0,0.0,0.845334,0.0,1.2301831,0.11898779,0.17011936,0.0,0.9963308,0.0,1.6739748,1.6439649,0.0,0.0,1.5792139,0.18463638,1.2685952,0.97311455,0.23322792,0.0,0.0,0.031944133,0.0,0.0,0.99040323,0.0,0.8461144,0.0,0.0,0.0,0.0,0.60989296,0.0,1.3390586,0.13398595,0.040766,0.0,0.50614053,0.0,0.7067318,0.0,0.0,0.0,1.788961,0.0,1.987384,0.052040312,0.0,0.0,0.0,0.12884496,0.0,0.0,1.4195455,0.0,0.9257362,0.10398157,0.0,1.2955233,0.2671818,0.46157748,1.4271522,0.0,0.0,0.0,0.45269385,0.0,0.0,0.0,0.73467976,0.512226,0.0,1.0781878,0.0,0.049522795,1.5360807,0.3931612,1.69557,0.15526375,0.5369622,0.0,0.0,0.4336417,1.3828914,0.0,1.086148,1.0077114,1.3832866,0.0,0.11739386,0.0,1.2819976,0.0,0.0,0.0,0.0,0.11895773,1.2522565,0.0,1.4947621,0.0,0.0,0.4944327,0.13214417,0.0,0.006263934,1.4350191,0.0,1.2765645,1.1751456,0.0,0.0,0.7694973,0.047517143,0.9297445,1.9823885,0.0,0.20979759,1.5502911,0.0,0.0,0.0,1.6178274,0.0,1.839778,0.0,0.0,0.4601418,0.20927055,0.0,1.0919285,0.0,0.3201686,1.3769913,1.3302552,0.0,0.05233755,1.3298675,0.0,0.040379442,0.0,0.75058526,1.3407382,0.0,0.0,1.8979849,0.0,1.665253,0.0,0.8781784,1.1101686,0.06375165,2.0052114,0.0,0.0,0.79372156,0.24289107,0.0,0.0,1.5085183,0.0,0.019698689,0.0,1.3508633,1.3174634,1.1410682,0.30159962,2.3209257,0.0,0.0,0.50702155,0.0,0.38022026,0.0,0.0,1.1408244,2.2968452,0.0,0.01720562,0.0,0.74485123,0.0,0.4298176,0.14234948,0.0,0.0,0.0,0.71926373,1.6879234,0.0,0.0,0.0,1.3388028,0.0,0.0,1.7262831,0.0,0.0,0.09885241,0.0,0.0,0.0,0.5996078,0.0,0.0,0.0,0.0,0.0,1.2086606,0.0,1.0007138,0.0,0.98186755,1.1721706,0.8757815,0.18711968,0.6665689,0.38398963,0.0,0.5105732,0.124852106,0.0,1.1496987,1.1199291,0.0,0.15530449,0.0,0.15854476,0.0,0.0,0.0,0.0,0.0,0.0,0.5088915,1.5230092,0.0,0.93392473,0.42450288,1.2702255,0.46731493,0.11022741,1.6154873,0.06163481,0.0,0.0,1.4306562,0.16189834,0.0,0.04446696,0.0,0.0,0.0,0.02893455,0.0,0.69185716,0.8843053,0.0,0.19483136,1.553649,0.0,0.0,0.0,0.0,0.18992595,0.050665617,0.0,0.0,0.0,0.0,</b>
1,<b>,0.0,0.0,0.0,0.0,0.0,0.8478551,0.0,0.8536351,0.0029240707,0.0,0.49980947,0.0,5.5698678e-05,0.0,0.68520755,0.37709615,0.0,0.66144127,0.0,0.0,0.0,0.0,0.7112012,1.0424378,0.0,0.6227272,0.0,0.07843293,0.7634592,0.7342784,0.0,0.51306087,0.4741867,0.31887344,0.0,0.0,0.0,0.5576592,0.0,0.0,0.0,0.02153441,0.7940992,0.35935456,0.90612817,0.0,0.0,0.0,0.0,0.8589624,0.69756454,0.0,0.0,0.74600637,0.0,0.0,0.63143146,0.0,0.564451,0.0,0.0,0.0,0.69669306,0.0,0.0,0.38198757,0.0,0.0,0.0,0.67556417,0.4025083,0.0,1.1192242,0.6300794,0.0,0.32625082,0.0,0.90922636,0.0,0.0,0.0,0.0,0.0,0.0,0.0,0.72946036,0.0,0.14034317,0.5780853,0.70244753,0.0,0.53463364,0.0,0.0,0.041050438,1.0875925,0.0,0.28885332,0.0,0.6261832,0.0,0.0,0.0,0.0,0.0,0.36109746,0.0,0.23867886,0.0,0.0,0.8138485,0.0,0.0,0.0,0.0,0.0,0.9460698,0.61780447,0.0,0.0,0.0,0.0,0.0,0.0,0.0,0.0,0.0,0.0,0.42833167,0.0,0.60525084,0.0,0.0,0.05794803,0.0,0.0,0.0,0.8001096,0.8036212,0.6283857,0.0,0.0,0.569035,0.79363525,0.0,0.0,0.042601105,0.010540599,0.0,0.34059677,0.62953377,0.0,0.0,0.0,0.83931434,0.0,0.43558708,0.0,0.0,0.58994484,0.0,0.0,0.6654321,0.94619906,0.42711088,0.43908435,0.62845534,0.0,0.94319135,0.18051499,0.0,0.0,0.51224226,0.0,0.7104115,0.0,0.0,0.0,0.84050477,0.0,0.0,0.0,0.0,0.0,0.26719946,0.0,0.0,0.0,0.0,0.0,0.0,0.0,0.0,0.0,0.0,0.0,0.75656354,0.7383813,0.0,0.63508546,0.0,0.8345924,0.83109033,0.6005414,0.0,0.0,0.0,0.20948564,0.29920873,0.0,0.0,0.0,0.0,0.90622854,0.0,0.63204056,0.56285065,0.0,0.4608013,0.0,0.0,0.0,0.0,0.16133355,0.1937622,1.0334095,0.7749586,1.1067339,0.0,0.0,0.62408775,0.0,0.0,0.0,0.82784003,0.33061355,0.70889,0.0,0.38600752,0.0,0.0,0.0,0.0,0.0,0.0,0.5244333,0.0,0.8504499,0.80399555,0.006808826,0.0,0.0060227476,0.0,0.0,0.82100576,0.0,0.0031949454,0.99634314,0.0,0.0,0.45218644,0.0,0.0,0.0,0.0,0.0,0.0,0.0,0.0,0.9676746,0.0,0.39528793,0.3664274,0.0,0.35522518,0.0,0.7337555,0.6123729,0.0,0.0,0.0,0.0,0.63015366,0.7792403,0.0,0.0,0.0,0.0,0.422897,0.0,0.0,0.36703968,0.45322263,0.0,0.0,0.0,0.0,0.0,0.6041638,0.0,0.0,0.0,0.0,0.050284173,0.5272239,0.0,0.0,0.0,0.0,0.6880087,0.0,0.0,0.7356873,0.5386957,0.0,0.0,0.7741537,0.0,0.0,0.0,0.095060915,0.0,0.0,0.0,0.91463405,0.0,0.42631057,0.0,0.0,0.0,0.0,0.7172011,0.88764894,0.0,0.0,0.19112049,0.028727038,0.0,0.688231,0.0,0.0,0.0,0.0,0.0,0.0,0.65627396,0.0,0.73584586,0.0,0.0,0.0,0.0,0.3937859,0.0,0.0,0.8063223,0.0,0.0,0.07794638,0.66943413,0.0,0.26449734,0.61670154,0.0,0.0,0.0,0.0,0.45519048,0.7970538,0.0,0.4021549,0.25104624,0.0,0.7979457,0.73086995,0.0,0.0,0.40059385,0.0,0.0,0.0,0.90982944,0.41499856,0.0,0.0,0.640192,0.6120672,0.0,0.4279396,0.0,0.26439133,0.0,0.0,0.0,0.023528166,0.0,0.9820104,0.0,0.0,0.0,0.0,0.0,0.18099657,0.80961555,0.0,0.0,0.0,0.0,0.29608968,0.011993866,0.78717744,0.24545012,0.0,0.8417468,0.4450684,0.0,0.44577095,0.13365506,0.0,0.4106149,0.88078433,0.64535147,0.98356926,0.24603835,0.0,0.65215194,0.68102384,0.0,0.0,0.0,0.0,0.15482058,0.0,0.0,0.0,0.18977642,0.0,0.0,0.0,0.0,0.2877386,0.1912982,0.011963398,0.7407245,0.0,0.0,1.0395503,0.9099766,0.8304794,0.4368235,0.0,0.33477318,0.0,0.37115175,0.0,0.0,0.0,0.0,0.0,0.5663018,0.0,0.0,0.8674899,0.0,0.0,0.061736815,0.0,0.80170757,0.61871177,0.76048654,0.1569362,0.952773,1.037465,0.0,0.0,0.6726806,0.0,0.0,0.0,0.0,1.239803,0.0,0.7181921,0.0,0.0,0.8204295,0.74814117,0.7803927,0.0,0.0,0.051432263,0.4634138,0.17181668,0.0,0.81274843,0.76547015,0.0,0.9222335,0.0,0.0,0.7602463,0.0,0.513029,0.72256523,0.25974214,0.0,0.7927243,0.61461496,0.5271173,0.0,0.79171175,0.46944833,</b>
1,<b>,0.0,0.0,0.0,0.08592488,0.0,0.8331121,0.0,0.67493045,0.0,0.0,0.47998908,0.0,0.0,0.0,0.60236716,0.34596267,0.0,0.4970089,0.0,0.0,0.0,0.0,0.8121848,0.8019822,0.0,0.7816809,0.0,0.0,0.6151757,0.6406935,0.0,0.48393506,0.33674666,0.18678878,0.0,0.0,0.0,0.38072115,0.0,0.0,0.0,0.0,0.68135256,0.3256974,0.8532165,0.0,0.0,0.0,0.0,0.8574966,0.60074097,0.0,0.0,0.83359104,0.0,0.0,0.62121224,0.0,0.7002565,0.0,0.0,0.0,0.79564244,0.0,0.0,0.48077047,0.0,0.0,0.0,0.58811045,0.44268358,0.0,0.96000683,0.46835086,0.0,0.47398314,0.0,0.6634961,0.0,0.0,0.0,0.0,0.0,0.0,0.0,0.49978423,0.0,0.5338512,0.7223135,0.5352709,0.0,0.42047796,0.0,0.0,0.0,1.0460509,0.0,0.083909735,0.0,0.5297133,0.0,0.0,0.0,0.0,0.0,0.7272274,0.0,0.2597521,0.0,0.0,0.8757318,0.0,0.0,0.0,0.0,0.0,0.97415006,0.6492959,0.0,0.0,0.0,0.0,0.0,0.0,0.0,0.0,0.0,0.0,0.4142704,0.0,0.6055212,0.06777111,0.0,0.25690213,0.0,0.0,0.0,0.69084054,0.8913963,0.5371106,0.0,0.0,0.3217036,0.8562076,0.0,0.0,0.018302064,0.0,0.0,0.58411336,0.71753997,0.0,0.0,0.0,0.6902362,0.0,0.49069098,0.0,0.0,0.7240254,0.0,0.0,0.70022243,0.53969574,0.49407274,0.47819263,0.6727788,0.0,0.76964664,0.62421036,0.0,0.0,0.48723584,0.0,0.58960015,0.0,0.0,0.0,0.72797525,0.0,0.0,0.0,0.0,0.0,0.43073687,0.0,0.0,0.0,0.0,0.0,0.0,0.0,0.0,0.0,0.0,0.0,0.70207006,0.5953754,0.0,0.85092974,0.0,0.6243743,0.7651791,0.49426425,0.0,0.0,0.0,0.45155242,0.43154028,0.0,0.0,0.0,0.0,0.789427,0.0,0.7434805,0.63575494,0.0,0.54029375,0.0,0.0,0.0,0.0,0.3617992,0.06037982,0.9359112,0.7437552,1.0662967,0.0,0.0,0.7748377,0.0,0.0,0.0,0.60891885,0.26963016,0.6556661,0.0,0.5656615,0.0,0.0,0.0,0.0,0.0,0.0,0.4804383,0.0,0.9491355,0.74565727,0.25868982,0.0,0.32851535,0.0,0.0,0.7739471,0.0,0.0,0.6649964,0.0,0.0,0.80561167,0.0,0.19090481,0.0,0.0,0.0,0.0,0.0,0.0,0.6833629,0.0,0.4144777,0.13995327,0.0,0.67857194,0.0,0.8122056,0.77648056,0.0,0.0,0.0,0.0,0.65163726,0.7155517,0.0,0.0,0.0,0.0,0.34243155,0.18029118,0.0,0.4279625,0.61319494,0.0,0.0,0.0,0.0,0.0,0.5963482,0.0,0.0,0.0,0.0,0.0,0.6147559,0.0,0.0,0.0,0.0,0.47047108,0.0,0.0,0.91274387,0.5710425,0.0,0.0,0.63817906,0.0,0.0,0.0,0.0,0.0,0.0,0.0,0.98384386,0.0,0.6910188,0.0,0.0,0.0,0.0,0.5672594,0.8168346,0.0,0.0,0.30330515,0.0,0.0,0.624212,0.0,0.0,0.0,0.0,0.0,0.0,0.67047834,0.0,0.68940127,0.0,0.19525291,0.0,0.0,0.4410051,0.0,0.0,0.7210642,0.0,0.0,0.13755685,0.5776017,0.0,0.1385776,0.43148157,0.0,0.0,0.0,0.0,0.42847103,0.5264887,0.0,0.19649343,0.20353395,0.0,0.7096675,0.5077165,0.0,0.0,0.35875204,0.0,0.0,0.0,0.9629608,0.47033688,0.0,0.0,0.69289416,0.6063901,0.0,0.5113633,0.0,0.44271323,0.0,0.0,0.0,0.0,0.0,0.9947842,0.0,0.0,0.0,0.269035,0.0,0.0,0.863082,0.0,0.0,0.0,0.0,0.32961482,0.0,0.94092816,0.37149367,0.0,0.4361289,0.5259452,0.0,0.29576692,0.0,0.0,0.2559332,0.78790784,0.27981204,0.98954356,0.24131638,0.0,0.49923182,0.70697236,0.0,0.0,0.0,0.0,0.1781953,0.0,0.0,0.0,0.14025542,0.0,0.0,0.0,0.0,0.41669396,0.10848776,0.07388061,0.67628604,0.0,0.25288194,0.77824086,0.7744766,0.5052989,0.3781018,0.0,0.33252656,0.0,0.3783312,0.0,0.0,0.0,0.0,0.0,0.78594077,0.0,0.0,0.82900476,0.0,0.0,0.0,0.0,0.92866075,0.7219758,0.6175442,0.30246654,0.74677694,1.0000608,0.0,0.0,0.6357967,0.0,0.0,0.0,0.0,1.2352865,0.0,0.9569568,0.0,0.0,0.5753133,0.69618165,0.60614157,0.0,0.0,0.22303396,0.6949334,0.33988306,0.0,0.92940617,0.64715445,0.0,0.822835,0.0,0.0,1.0430481,0.0,0.47889677,0.72947466,0.4001727,0.0,0.9482931,0.7109316,0.5017413,0.0,0.49396175,0.40571237,</b>
1,<b>,0.0,0.0,0.0,0.11231304,0.08775692,0.79273725,0.0,0.5536381,0.0,0.0,0.6540942,0.0,0.0,0.0,0.5083559,0.616163,0.0,0.71073663,0.0,0.0,0.0,0.0,0.89524245,1.2138095,0.0,0.64594257,0.0,0.0,0.6030756,0.459821,0.0,0.4860582,0.5437484,0.55167013,0.0,0.0,0.0,0.6431148,0.0,0.0,0.011407786,0.0,0.8225688,0.07205902,0.8739855,0.0,0.0,0.0,0.0,0.80467004,0.76326156,0.0,0.0,0.72240174,0.0,0.0,0.73394436,0.0,0.89570826,0.0,0.0,0.0,0.7865515,0.0,0.0,0.079030305,0.0,0.0,0.0,0.79878175,0.32253057,0.0,0.9725457,0.58992314,0.0,0.39692044,0.0,0.7280084,0.0,0.0,0.04126395,0.0,0.0,0.0,0.0,0.74372154,0.0,0.4970806,0.64651626,0.6334146,0.0,0.5118925,0.0,0.0,0.0,0.8181022,0.0,0.35425353,0.0,0.61399245,0.0,0.0,0.0,0.0,0.0,0.5763673,0.0,0.4612049,0.0,0.0,0.7747896,0.0,0.0,0.0,0.0,0.0,0.8752192,0.6944552,0.0,0.0,0.0,0.0,0.0,0.0,0.0,0.0,0.0,0.0,0.4802016,0.0,0.7418372,0.0,0.0,0.3214793,0.0,0.0,0.0,0.75609505,0.6004751,0.6034179,0.0,0.0,0.23716126,0.58807135,0.0,0.0,0.019534029,0.0,0.0,0.3577268,0.559049,0.0,0.0,0.0,0.5937166,0.0,0.52463603,0.0,0.0,0.5141719,0.0,0.0,0.82101756,0.73552525,0.31719816,0.7255375,0.49906823,0.0,1.0177293,0.3631949,0.0,0.0,0.49524033,0.0,0.5225546,0.0,0.0010131036,0.0,0.8016676,0.0,0.0,0.0,0.0,0.0,0.4636231,0.0,0.0,0.0,0.0,0.0,0.0,0.0,0.0,0.0,0.0,0.0,0.65800035,0.5705263,0.0,0.58199024,0.0,0.79486597,0.75322384,0.695057,0.0,0.0,0.0,0.17908338,0.38875222,0.0,0.0,0.011072566,0.0,0.9446001,0.0,0.56650656,0.72220147,0.0,0.3826484,0.0,0.0,0.0,0.0,0.39148244,0.09663062,0.68133277,0.64838684,0.7919566,0.0,0.0,0.5194877,0.0,0.0,0.0,0.8217928,0.15360412,0.6109248,0.0,0.37754932,0.0,0.027273115,0.0,0.0,0.0,0.0,0.5985391,0.0,1.0191882,0.8539362,0.4473587,0.0,0.086100295,0.0,0.0,0.7619278,0.0,0.0,0.86084867,0.0,0.0,0.5311675,0.0,0.0,0.0,0.0,0.0,0.0,0.0,0.0,0.96773547,0.0,0.4716715,0.47346133,0.0,0.19152828,0.0,0.8247442,0.5080965,0.0,0.0,0.0,0.0,0.46230125,0.6351203,0.0,0.0,0.0,0.0,0.32698137,0.0,0.0,0.4795698,0.42531112,0.0,0.0,0.0,0.0,0.0,0.8407116,0.0,0.0,0.0,0.0,0.0,0.5536557,0.0,0.0,0.0,0.0,0.5530414,0.0,0.0,0.6238432,0.38194308,0.0,0.0,0.8813537,0.0,0.0,0.0,0.150614,0.0,0.0789667,0.0,0.94297034,0.0,0.5034762,0.0,0.0,0.0,0.0,0.6969309,0.7264745,0.0,0.0,0.4505031,0.18146382,0.0,0.8984042,0.0,0.0,0.0,0.0,0.0,0.0,0.8892178,0.0,0.5645358,0.0,0.0,0.0,0.0,0.19498941,0.0,0.0,0.5444852,0.0,0.044299576,0.16802737,0.41771528,0.0,0.14114285,0.487524,0.0,0.0,0.0,0.0,0.43076116,0.72414625,0.0,0.21075964,0.170665,0.0,0.7525265,0.53736955,0.0,0.0,0.59652513,0.0,0.0,0.0,0.7665399,0.7325802,0.0,0.0,0.63896096,0.40665808,0.0,0.21975784,0.0,0.34280387,0.0,0.0,0.0,0.0,0.0,0.77566713,0.0,0.0,0.0,0.06388621,0.0,0.041295208,0.7092511,0.0,0.0,0.0,0.0,0.3772227,0.046533357,0.77776796,0.31648692,0.0,0.680913,0.48103553,0.0,0.33348486,0.0478663,0.0,0.59979874,0.749155,0.37689522,0.8972056,0.11054406,0.0,0.54299355,0.7336389,0.0,0.0,0.0,0.0,0.0,0.0,0.0,0.0,0.003449106,0.0,0.0,0.0,0.0,0.011360893,0.04840214,0.0,0.7137454,0.0,0.0,0.9976047,0.60129815,0.77962834,0.5511178,0.0,0.07811022,0.0,0.5334808,0.0,0.0,0.0,0.0,0.0,0.819807,0.0,0.0,0.9440524,0.0,0.0,0.0,0.0,0.71352607,0.7417905,0.58288294,0.12517029,0.9063436,0.95193845,0.0,0.0,0.5413037,0.0,0.0,0.0,0.0,1.2260551,0.0,0.67474735,0.0,0.0,0.81616706,0.5766201,0.593971,0.0,0.0,0.32572225,0.72071177,0.24088222,0.0,0.93399197,0.7337668,0.0,0.6402172,0.0,0.0,0.58668494,0.0,0.6131471,0.70245785,0.42613065,0.0,0.9065827,0.69943243,0.76586586,0.0,0.61934984,0.43734545,</b>
1,<b>,0.0,0.0,0.0,0.23165357,0.0,0.46087608,0.0,0.8456549,0.26654223,0.0,0.38152415,0.0,0.054855898,0.0,0.5679259,0.66302896,0.0,0.818498,0.0,0.0,0.0,0.0,0.8104062,0.90661925,0.0,1.0148664,0.0,0.0,0.32092285,0.607109,0.0,0.6171967,0.5956477,0.20036991,0.0,0.0,0.0,0.33526364,0.0,0.0,0.0,0.0,0.91329527,0.5875613,0.98820114,0.0,0.0,0.0,0.0,1.0170037,0.990457,0.0,0.0,0.8629541,0.0,0.0,0.68517387,0.020454556,0.77515167,0.0,0.0,0.0,0.94750196,0.0,0.0,0.5500408,0.0,0.0,0.0,0.6575208,0.4051505,0.0,0.852023,0.4122749,0.0,0.5937372,0.0,0.75358945,0.0,0.0,0.0,0.0,0.0,0.0,0.0,0.433884,0.0,0.9575142,0.5628514,0.4748236,0.16170304,0.4008109,0.0,0.0,0.0,0.90466636,0.0,0.26375562,0.0,0.6261412,0.0,0.0,0.0,0.0,0.0,0.8962339,0.0,0.39588287,0.0,0.0,0.7282654,0.0,0.0,0.0,0.0,0.06967434,0.9617456,0.988912,0.0,0.0,0.0,0.0,0.0,0.0,0.0,0.0,0.0,0.0,0.57766664,0.32146502,0.58091223,0.013938807,0.0,0.19918942,0.0,0.0,0.0,0.8026454,0.762661,0.65287715,0.0,0.0,0.19712718,1.151278,0.0,0.0,0.0,0.0,0.0,0.5222264,0.65905726,0.0,0.0,0.0,0.593945,0.0,0.6261597,0.0,0.0,0.8259924,0.0,0.0,0.858121,0.70046544,0.6961475,0.63732666,0.2253704,0.0,1.1218029,0.6796706,0.0,0.0,0.5675109,0.0,0.81074816,0.0,0.0,0.0,0.64967704,0.0,0.0,0.0,0.0,0.0,0.51503164,0.0,0.0,0.0,0.024480738,0.0,0.0,0.0,0.0,0.023503445,0.0,0.0,0.70017654,0.72945154,0.0,1.0415717,0.0,0.78271395,1.0171901,0.6405566,0.037703887,0.0,0.0,0.15282327,0.80718523,0.0,0.0,0.0,0.0,1.0118496,0.0,0.6815841,0.6763485,0.0,0.55455005,0.0,0.0,0.0,0.033785004,0.47454962,0.0,0.9831428,0.7941463,1.0555258,0.0,0.0,0.8438866,0.0,0.0,0.0,0.9008164,0.39485797,1.017665,0.0,0.33105445,0.0,0.0,0.0,0.0,0.0,0.0,0.849415,0.0,1.0323944,0.73451513,0.24860911,0.0,0.23517592,0.0,0.0,0.7904412,0.0,0.0,0.7712429,0.0,0.0,0.64241695,0.0,0.3142019,0.0,0.0,0.0,0.0,0.0,0.0,0.75145674,0.0,0.14220774,0.0,0.0,0.81007695,0.0,1.0819879,0.96211606,0.0,0.0,0.0,0.0,0.9655966,0.7797096,0.0,0.0,0.0,0.08871161,0.64238167,0.11039055,0.0,0.25034013,0.6091261,0.0,0.0,0.0,0.0,0.0,0.7132903,0.0,0.0,0.0,0.0,0.0,0.48721063,0.0,0.0,0.0,0.0,0.7461143,0.0,0.0,1.0145622,0.5935735,0.0,0.0,0.75824744,0.0,0.0,0.0,0.2684036,0.0,0.052623205,0.0,0.9102733,0.0,0.7478717,0.0,0.0,0.0,0.0,0.6771089,0.889925,0.0,0.0,0.55296427,0.17558005,0.014434614,0.7711571,0.0,0.0,0.0,0.0,0.0,0.0,0.6985162,0.0,0.9362492,0.0,0.37527683,0.0,0.0,0.58103883,0.0,0.0,0.6362348,0.0,0.0,0.27982226,0.8680846,0.0,0.092866324,0.5001741,0.0,0.0,0.0,0.0,0.45891774,0.9851832,0.0,0.42215148,0.22843163,0.0,0.5892093,0.3958583,0.0,0.0,0.4201821,0.0,0.0,0.03172865,1.0474033,0.6433672,0.0,0.0,0.85224324,0.72020066,0.0,0.49605405,0.0,0.32943016,0.0,0.0,0.0,0.0,0.0,1.0006115,0.0,0.029909592,0.0,0.015373649,0.0,0.010612183,0.99399954,0.0,0.0,0.0,0.0,0.20342594,0.14289255,1.1350224,0.022567516,0.0,0.53340554,0.59521025,0.0,0.38521254,0.0,0.0,0.22873993,0.8305121,0.5763737,1.4251817,0.06664513,0.0,0.92995113,0.46652296,0.0,0.0,0.0,0.0,0.40157804,0.0,0.004944915,0.0,0.19997588,0.0,0.0,0.0,0.0,0.5070769,0.09749889,0.042023342,0.5476689,0.0,0.0,0.76162136,0.67338437,0.86401653,0.12722835,0.005346126,0.549243,0.0,0.4700183,0.0,0.0,0.0,0.0,0.0,0.9603911,0.0,0.008143443,0.91048974,0.0,0.0,0.12275953,0.0,1.03237,0.78508854,0.9264107,0.54773766,0.9744956,0.91447943,0.0,0.0,0.80365837,0.0,0.0,0.0,0.0,1.4073794,0.0,1.0104127,0.0,0.0,0.26826203,0.9069268,0.9875013,0.0,0.0,0.45715186,0.81464636,0.60506195,0.0,0.92865276,0.9429511,0.0,0.81321,0.0,0.0,1.0734695,0.0,0.8633354,1.2191547,0.9250837,0.0,0.9476305,0.8551697,0.7686429,0.0,0.76959115,0.34357947,</b>
1,<b>,0.0,0.0,0.0,0.52589923,0.0,0.94845414,0.0,0.65915227,0.0,0.0,0.6862645,0.0,0.0,0.0,0.6666,0.81850207,0.0,1.082663,0.0,0.0,0.0,0.0,1.5070353,1.4412267,0.0,0.8877927,0.0,0.041448038,0.51185554,0.6233077,0.0,0.47809044,0.7112454,0.9498008,0.0,0.0,0.0,1.019127,0.0,0.0,0.16255036,0.0,0.73205936,0.10944113,0.7925417,0.0,0.0,0.0,0.0,1.4281175,0.78129715,0.0,0.054234773,0.9777802,0.0,0.0,1.0170813,0.0,1.2804714,0.0,0.0,0.0,0.8179572,0.0,0.0,0.12235668,0.0,0.0,0.0,1.1015652,0.7595174,0.0,1.6063561,0.98984784,0.0,0.7064148,0.0,1.0175043,0.090687335,0.0,0.0,0.0,0.0,0.0,0.0,1.0489417,0.0,0.69051147,0.8074918,0.63911104,0.0,1.0575773,0.0,0.0,0.0,1.3466781,0.0,0.087263286,0.0,0.5406677,0.0,0.0,0.0,0.0,0.0,0.6517287,0.0,0.4484597,0.0,0.0,1.0845625,0.0,0.24643667,0.0,0.0,0.0,1.2915217,0.58220834,0.0,0.0,0.0,0.0,0.0,0.0,0.0,0.0,0.0,0.0,0.8113174,0.24452072,0.9787106,0.0,0.0,0.102602094,0.0,0.0,0.0,0.6914261,1.0413297,0.59544957,0.0,0.0,0.31611422,1.0765835,0.0,0.0,0.058956534,0.0,0.0,0.81464124,0.62157446,0.0,0.0,0.0,0.46094763,0.0,0.73415405,0.0,0.0,0.8518205,0.0,0.0,1.223821,0.9867856,0.3959294,1.1459506,0.98795784,0.0,1.1697891,0.571814,0.0,0.0,0.61675626,0.0,0.7672648,0.0,0.0,0.0,0.81001824,0.0,0.0,0.0,0.0,0.0,0.5463055,0.0,0.0,0.0,0.0,0.0,0.0,0.0,0.0,0.0,0.0,0.0,0.5780154,0.6107558,0.0,0.74364436,0.0,1.2113734,1.0607806,1.2190912,0.0,0.0,0.0,0.62028605,0.4759513,0.0,0.0,0.01051939,0.0,1.047252,0.0,1.108927,0.90070933,0.0,0.5281272,0.0,0.0,0.0,0.0,0.2053825,0.0,0.93608344,0.83113015,1.2254626,0.0,0.0,1.2041376,0.04711112,0.0,0.0,0.72901684,0.1265434,0.92821276,0.0,0.97941905,0.0,0.0,0.0,0.0,0.0,0.0,0.5584881,0.0,1.4230217,0.9196658,0.22322357,0.0,0.28879404,0.0,0.0,1.1661402,0.0,0.0,1.324366,0.0,0.0,0.8876663,0.0,0.0,0.0,0.0,0.0,0.072897226,0.0,0.0,1.0814303,0.0,0.73959374,0.6225115,0.0,0.36800882,0.0,0.9982566,1.1922936,0.0,0.0,0.0,0.0,0.442573,0.78550553,0.0,0.0,0.0,0.22374126,0.1950667,0.0,0.0,0.7114679,0.5697647,0.0,0.0,0.0,0.0,0.0,0.90913445,0.0,0.0,0.0,0.0,0.0,0.64778036,0.0,0.0,0.0,0.0,0.857173,0.0,0.0,0.9174642,0.59726524,0.0,0.0,1.1407888,0.0,0.0,0.0,0.07765591,0.0,0.0,0.0,1.4193308,0.0,0.49392876,0.0,0.0,0.0,0.0,0.9101981,0.93624395,0.0,0.0,0.8881338,0.42025325,0.0,0.9001179,0.0,0.0,0.0,0.0,0.0,0.08432481,0.88183486,0.0,0.98623973,0.0,0.0,0.036722038,0.0,0.18464187,0.0,0.0,0.93444616,0.0,0.0,0.8139898,0.6044225,0.0,0.118420295,0.6657431,0.0,0.0,0.0,0.0,0.5573541,0.6709943,0.0,0.11432291,0.40408564,0.0,1.2404982,0.665652,0.0,0.0,0.5817429,0.0,0.0,0.0,1.1151595,1.0192184,0.0,0.0,0.5006309,0.5536649,0.0,0.7988846,0.0,0.3896923,0.0,0.0,0.0,0.0,0.0,1.2685742,0.0,0.0,0.0,0.023966985,0.0,0.0,0.9496532,0.0,0.0,0.0,0.0,1.0240875,0.32462907,1.1585593,0.5785546,0.0,0.7447816,0.6444993,0.0,0.20957802,0.08908066,0.0,0.9972975,1.0658996,0.51188236,1.0183829,0.3047982,0.0,0.6818858,0.9463533,0.0,0.0,0.0,0.0,0.0,0.0,0.0,0.0,0.49051064,0.0,0.0,0.0,0.0,0.34427717,0.2167455,0.20079562,0.85321575,0.0,0.0,0.95079744,0.8009256,0.99822366,1.0150386,0.0,0.06416394,0.0,1.044707,0.0,0.0,0.0,0.0,0.0,1.403475,0.0,0.0,1.2800343,0.0,0.025118604,0.0,0.0,1.0295277,1.3230218,0.64463496,0.08043984,1.0644116,1.4354324,0.0,0.0,0.3996349,0.0,0.0,0.0,0.0,1.4415435,0.0,0.9992537,0.0,0.0,1.2651082,1.1998981,0.934213,0.0,0.0,0.52166635,0.95990324,0.13335827,0.0,1.4788426,1.1153967,0.0,1.0321577,0.0,0.0,0.8452202,0.0,0.5872744,0.9979776,0.1421552,0.0,1.0481132,1.0840325,1.1124573,0.0,0.8057309,0.6298844,</b>
1,<b>,0.0,0.0,0.0,0.626664,0.0,1.1851931,0.0,0.8377713,0.0,0.21493684,0.7308103,0.0,0.16204624,0.0,1.0089198,0.3668689,0.0,0.7917911,0.0,0.0,0.0,0.0,1.5264376,0.95397073,0.03519113,1.0661097,0.14862086,0.4313185,1.2944062,0.29306543,0.0,0.76410246,0.8115161,0.9118913,0.0,0.0,0.18255699,1.1900607,0.0,0.0,0.16732563,0.43626043,1.6239182,0.46307045,1.0291767,0.12799622,0.18672477,0.0,0.0,1.8445135,0.9999113,0.0,0.18055767,0.9728879,0.0,0.0,1.2825878,0.0,1.212151,0.0,0.0,0.0,1.1426666,0.0,0.0,0.46807575,0.0,0.0,0.0,0.91594374,0.38752627,0.0,1.5603789,0.57666886,0.111070745,0.57994956,0.0,1.1269639,0.05235507,0.093883954,0.0,0.20810694,0.0,0.0,0.0,0.87540823,0.0,0.10659823,0.81685096,1.12548,0.37188423,0.9049435,0.0,0.0,0.0,1.4444587,0.0,0.2408468,0.0,0.6355191,0.0,0.0,0.0,0.05411335,0.0,0.60703605,0.0,0.121790044,0.0,0.0,1.4137564,0.0,0.17265059,0.0,0.2739712,0.0,1.4118047,0.9580682,0.0,0.021934832,0.0,0.0,0.0,0.0,0.0,0.1406471,0.0,0.0,0.80591524,0.0,1.2198709,0.0,0.0,0.12093532,0.0,0.0,0.0,1.2832868,1.3797519,0.55943334,0.0,0.0,0.9954552,1.3424988,0.0,0.06445425,0.0,0.14292787,0.10789779,0.9172733,0.5556089,0.0,0.0,0.0,0.98143977,0.0,0.7018002,0.0,0.0,0.63527465,0.014874667,0.0,1.1138214,1.1982636,0.42529973,1.2034409,1.3825916,0.0,0.78832924,0.2088119,0.0,0.0,0.5781641,0.0,1.0390824,0.0,0.0,0.051014878,0.88207835,0.023212187,0.0,0.0,0.112934805,0.0,0.3917262,0.09446613,0.05498919,0.0,0.0,0.0,0.0,0.27014548,0.06678067,0.0,0.0,0.017140081,0.59679663,0.3190514,0.027701821,0.55147684,0.0,0.88390964,0.8062196,1.1897497,0.0,0.0,0.0,0.35734436,0.6746976,0.08045244,0.0,0.024025746,0.0,0.67817783,0.060851555,0.890434,0.87672424,0.0,0.8993795,0.02901652,0.0,0.0,0.0,0.0,0.23347904,1.6093764,0.8089834,1.816052,0.0,0.0,1.2593516,0.19463015,0.0,0.0,1.2744902,0.0,0.8532567,0.0,1.1205819,0.0,0.3272047,0.0,0.0,0.0,0.0,0.16851208,0.0,1.3798015,0.55073005,0.053137146,0.068009615,0.32948375,0.17939958,0.018230248,1.2040035,0.0,0.0,1.4835212,0.0,0.0,0.9159994,0.0,0.0,0.0,0.0,0.0,0.18145896,0.0,0.0,1.2233576,0.0,0.71404445,0.4327836,0.0,0.8015394,0.0,1.0107628,1.3920215,0.0,0.0,0.0,0.0,0.6248514,1.3987249,0.0,0.055688348,0.0,0.5330491,0.0,0.0,0.0,0.6418216,0.9379164,0.0,0.0,0.06821589,0.0,0.0,0.8235569,0.0,0.07300191,0.0,0.0,0.2432793,0.6575665,0.0,0.0,0.0,0.0,0.87609124,0.0,0.0,1.1842179,0.8197232,0.1269883,0.0,0.54887545,0.0,0.0,0.027341826,0.54946107,0.0,0.0,0.0,1.4474124,0.17262997,0.8762522,0.0,0.047282714,0.029084966,0.0,0.8954455,0.75157076,0.0,0.0,0.5857053,0.28824562,0.0,0.81661516,0.026283432,0.0,0.18255293,0.0,0.0,0.0,1.2793388,0.0,1.1717533,0.0,0.0,0.0,0.014117715,0.09692885,0.0,0.0,1.5822364,0.0,0.38220245,1.031471,1.081414,0.033275403,0.32259902,0.68734276,0.0,0.23295315,0.0,0.019866474,0.5358129,0.44684082,0.0,0.45272997,0.52661407,0.0,1.3150464,0.30429065,0.16142255,0.0,0.5888093,0.0,0.0,0.0,0.8531638,0.9301523,0.007827534,0.026998047,0.85598755,0.39278898,0.0,1.0189342,0.0,1.2261779,0.0,0.0,0.0,0.18264022,0.0,1.2180675,0.0,0.0,0.0,0.6121674,0.0,0.25901347,1.6968151,0.0,0.0,0.08432289,0.065693,1.0320677,0.53852665,1.4032615,0.40617597,0.0,1.0822566,0.6707571,0.0,0.060990583,0.16459139,0.08888252,0.40355733,1.5686702,0.9387417,1.3887621,0.5820189,0.0,0.62065303,1.0133232,0.0,0.0,0.0,0.019621344,0.0,0.0,0.0,0.0,0.57593775,0.0,0.0,0.0,0.0,0.93770355,0.0,0.0,0.8431765,0.0,0.0,1.2295028,0.9579002,0.48413086,0.8584495,0.30071637,0.8828663,0.0040107104,0.22333066,0.0,0.010011032,0.0,0.0,0.057742786,0.91357,0.0,0.0,1.41084,0.0,0.113694616,0.0,0.118948415,0.80030376,1.2100462,0.36224517,0.0,1.1600524,1.2430176,0.0,0.0,0.9922878,0.0,0.18789,0.0,0.0,1.4375865,0.0,1.1200352,0.0,0.0,0.83346075,1.0356632,0.92339605,0.34081802,0.0,0.03094434,0.7662065,0.21538262,0.0,1.6186811,1.0457659,0.0,1.4048218,0.04404466,0.0,1.4104772,0.0,0.183317,1.3777488,0.10416531,0.0,1.1778084,1.0319588,0.94443905,0.0,0.9059226,0.98497087,</b>
1,<b>,0.0,0.0,0.0,0.93927073,0.0,0.61683285,0.0,0.6447833,0.62333333,0.0,0.8400893,0.0,0.0,0.0,0.6495224,0.7484756,0.0,0.7176502,0.0,0.0,0.0,0.0,0.70290804,0.79296273,0.0,1.1464175,0.0,0.0,0.0,0.9601423,0.0,0.0,0.0,0.0,0.0,0.0,0.0,0.0,0.0,0.0,0.0,0.0,0.94679296,0.51273555,0.6326514,0.0,0.0,0.0,0.0,0.73340195,0.6616215,0.0,0.0,0.7523531,0.0,0.0,0.5458358,0.0,0.32843348,0.0,0.0,0.0,0.740546,0.0,0.0,0.20544988,0.0,0.0,0.0,0.43844885,0.42893302,0.0,0.5473276,0.0,0.0,0.46831387,0.0,0.26567176,0.0,0.0,0.0,0.0,0.26328444,0.0,0.0,0.0,0.0,0.8180528,0.72875816,0.6842312,0.0,0.0,0.0,0.0,0.0,0.8479654,0.0,0.3454554,0.0,0.71489996,0.0,0.0,0.0,0.0,0.0,1.0109589,0.0,0.679299,0.0,0.0,0.8110281,0.0,0.0,0.0,0.0,0.0,0.49031702,0.713458,0.0,0.0,0.0,0.067974746,0.003088056,0.0,0.0,0.0,0.0,0.0,0.6335935,0.7569701,0.66981566,0.0,0.0,0.3240685,0.0,0.0,0.0,0.9729963,0.32929307,0.68546176,0.0,0.0,0.52115893,1.0897447,0.0,0.0,0.0,0.0,0.0,0.63846004,0.7712084,0.0,0.0,0.0,0.25963235,0.0,0.45645687,0.0,0.39649588,0.5241739,0.0,0.0,1.0218892,0.74472135,0.5776169,0.5378949,0.60360515,0.0,0.73327065,1.0074949,0.0,0.0,0.6112023,0.0,0.9540739,0.0,0.0,0.0,0.0,0.0,0.0,0.0,0.0,0.0,0.52216977,0.0,0.0,0.49034554,0.0,0.0,0.0,0.0,0.0,0.0,0.0,0.0,0.3760316,0.87291443,0.0,0.6782508,0.0,0.29031855,0.870643,0.6527307,0.0,0.0,0.0,0.26669607,0.7530508,0.0,0.0,0.0,0.0,1.189903,0.0,0.7647757,0.520534,0.0,0.14425755,0.0,0.0,0.0,0.0,0.5700198,0.0,0.8061629,0.012033932,0.53194535,0.0,0.0,0.94828266,0.0,0.0,0.0,0.5745612,0.5040436,0.5057655,0.0,0.7256743,0.0,0.0,0.0,0.0,0.0,0.0,0.21485204,0.0,1.0253721,0.752134,0.8871045,0.0,0.8506946,0.0,0.0,0.5004693,0.0,0.0,0.9100969,0.0040242774,0.0,1.0095024,0.0,0.7322516,0.0,0.0,0.0,0.0,0.0,0.0,0.4878572,0.0,0.0,0.0,0.0,0.66408175,0.0,0.636357,0.813057,0.0,0.0,0.0,0.0,1.0261724,0.84183806,0.0,0.0,0.25768295,0.0,0.6399071,0.14353342,0.0,0.7384846,0.5113938,0.0,0.0,0.0,0.0,0.0,0.47446632,0.0,0.0,0.0,0.0,0.0,0.26415426,0.0,0.0,0.0,0.0,0.85132265,0.0,0.0,1.0905749,0.61916816,0.0,0.0,0.9498067,0.0,0.0,0.0,0.7140392,0.006625601,0.73901564,0.0,0.80605936,0.0,0.427391,0.0,0.0,0.0,0.0,0.7750304,0.9483704,0.0,0.0,0.824909,0.6798856,0.56040496,0.63834906,0.0,0.0,0.0,0.0,0.0,0.0,0.7227046,0.0,0.5776049,0.0,0.47083536,0.0,0.023514872,0.20188197,0.0,0.0,1.0637989,0.0,0.0,0.827372,1.1937455,0.0,0.35017395,0.60637665,0.0,0.0,0.0,0.0,0.45809692,0.5308993,0.0,0.59970725,0.8489357,0.0,0.16311844,0.0,0.0,0.0,0.6019414,0.0,0.0,0.5008687,0.7887849,0.79217184,0.0,0.013455833,0.75840294,0.33455387,0.0,0.47291946,0.0,0.15973331,0.0,0.0,0.62522435,0.0,0.0,0.86370414,0.0,0.0,0.0,0.13788463,0.0,0.0,0.85916966,0.0,0.0,0.0,0.0,0.11027388,0.1011423,0.85789454,0.0,0.0,0.84595245,0.9263888,0.0,0.4517332,0.0,0.0,0.3096771,0.5820408,0.78648484,1.2602314,0.24630049,0.0,0.8511779,0.5425087,0.0,0.0,0.0,0.0,0.6079581,0.0,0.31683356,0.0,0.08973883,0.0,0.0,0.0,0.0,0.8278165,0.6879954,0.18490195,0.7414876,0.0,0.0,0.077952504,0.6661909,0.674581,0.12771021,0.0,0.7734334,0.0,0.40504226,0.0,0.0,0.13281848,0.0,0.0,0.9704438,0.0,0.1835814,0.89913857,0.0,0.0,0.0,0.038435448,1.0847352,0.53488445,0.6167135,0.62440974,0.6918636,0.5960905,0.0,0.0,0.77776164,0.0,0.0,0.0,0.0,0.90880567,0.0,0.7173129,0.0,0.0,0.0,0.25497088,0.8677543,0.0,0.0,0.7120837,0.54174703,0.72115666,0.0,0.6612413,0.0,0.0,0.6171953,0.013021855,0.0,0.89434755,0.0,0.6113697,0.625785,0.6855469,0.0,1.0020175,1.0590155,0.97400427,0.0,0.78315306,0.91819316,</b>
1,<b>,0.0,0.0,0.0,1.0577004,0.0,0.63093024,0.0,0.18788195,0.078430496,0.18478028,1.1018053,0.0,0.260811,0.0,0.24392958,0.92281187,0.0,1.0009136,0.30803832,0.0,0.0,0.0,1.5945473,0.43699467,0.32347822,1.2541693,0.17309788,0.0,0.0,0.7296631,0.0,0.0,0.48075876,0.0,0.0,0.0,0.0,0.0,0.0,0.0,0.0,0.097871274,1.3462615,0.8374537,0.71626204,0.08104582,0.0,0.0,0.0,0.89212334,1.4671761,0.0,0.3110616,0.03644385,0.07724292,0.0,0.9732885,0.0,1.482606,0.0,0.0,0.028858703,0.0,0.09393789,0.0,0.085916854,0.0,0.0,0.16286159,0.9593845,0.08344873,0.0,0.42259002,0.75715137,0.0,0.010314854,0.0,0.87262183,0.007257435,0.18389449,0.0,0.18625937,0.0,0.0,0.0,0.39857593,0.0,1.477449,0.7282288,0.5679176,0.0,1.1685973,0.0,0.30528656,0.0,0.360929,0.040908497,0.0,0.0,0.8177423,0.0,0.0,0.0,0.053390455,0.0073890174,1.1867983,0.0,0.0,0.0,0.0,0.9120957,0.05237962,0.08912268,0.0,0.1958178,0.510106,0.8267262,0.8780037,0.41868874,0.06667312,0.24277194,0.0,0.0,0.0,0.0,0.15659156,0.0,0.0,0.63444775,1.1455077,0.9527457,0.0,0.0,0.87147486,0.0,0.0,0.0,0.450485,0.84256136,0.658814,0.0,0.0,0.0,1.4505503,0.042796955,0.0,0.0,0.13207719,0.24833266,0.28860894,0.57659703,0.0,0.0,0.0,0.26457667,0.0,0.9329574,0.0,0.44131255,0.701195,0.05258413,0.0,0.5737823,0.597356,0.7157326,0.9628709,0.86476284,0.0,0.7289003,1.3215228,0.0,0.0,1.1485487,0.0,0.9739712,0.0,0.0,0.0,0.0,0.0021758908,0.0,0.0,0.18500087,0.0,0.97866637,0.07673048,0.0,0.5126185,0.0,0.0,0.0,0.16818672,0.001572228,0.21992971,0.0,0.026000617,0.13940088,1.5915643,0.0,0.35245973,0.0,0.9483074,0.0,0.8828876,0.035155628,0.0,0.0,0.43802938,0.9840075,0.0,0.0,0.055862192,0.0,1.4276798,0.08033367,0.56376636,0.3283172,0.23913833,0.8214286,0.059227973,0.0,0.0,0.0,0.0,0.0,1.2290658,0.0,0.0,0.0,0.0,1.5391449,0.0,0.0,0.0,0.7094578,0.0,1.3395458,0.0,1.6106837,0.0,0.05556799,0.0,0.0,0.0,0.0,0.37817612,0.06305522,1.6593052,0.7799755,1.2848047,0.06909197,1.0839269,0.15832084,0.0,1.2458036,0.0,0.0,1.0171913,0.14823027,0.0,0.75231427,0.0,0.45422003,0.0,0.0,0.0,0.0,0.0,0.0,0.8653242,0.0,0.0,0.0,0.0,1.0752296,0.29486606,0.8973821,1.6699674,0.0,0.0,0.0,0.0,1.2441237,0.43030784,0.0,0.18969259,0.0,0.42497864,1.1986734,0.9582484,0.0,1.1459923,0.25766718,0.0,0.0,0.0,0.0,0.16412437,1.0245011,0.0,0.15421623,0.0,0.0,0.0,0.0,0.0,0.0,0.0,0.0,0.8747828,0.0,0.0,1.1581017,0.9110618,0.12876698,0.0,0.99524075,0.0,0.0,0.051438745,1.5056548,0.0,0.6633345,0.0,0.567715,0.0,0.01023506,0.0,0.0,0.2674812,0.0,0.69943583,0.10710648,0.15797606,0.0,1.5408293,0.315357,0.039821878,0.8222243,0.0,0.0,0.33230513,0.0,0.0,0.0834495,0.72387534,0.0,1.1576297,0.0,0.0014309073,0.022336448,0.18870081,0.5738776,0.0,0.0,0.8824855,0.0,0.34766337,1.3366774,0.9752931,0.1598499,0.0,0.76266843,0.0,0.27496573,0.0,0.33614838,0.06471738,1.2555436,0.0,0.019558113,0.8566613,0.0,0.7775314,0.0,0.16055769,0.0,0.5251625,0.16859278,0.0013325093,0.45746675,0.0,1.0720171,0.0,0.2516028,1.115179,0.8455822,0.0,0.25968543,0.0,0.4816926,0.0,0.0,1.0840636,0.05920949,0.0,1.3890743,0.0,0.0,0.0,0.6239891,0.02996512,0.0,1.3876315,0.0,0.0,0.0,0.0,1.0331563,0.36669186,0.98034716,0.0,0.0,0.828347,0.6379671,0.0,0.0,0.0,0.027364139,1.0326681,0.73917,0.5400218,1.6604708,0.0,0.0,1.0597588,0.26221117,0.0,0.0,0.0011696164,0.35833082,0.3626212,0.0,0.0,0.17280848,0.56576747,0.0,0.19853503,0.0,0.0,1.1612827,0.0,0.0,0.0,0.0,0.12800686,0.30850294,0.34260213,0.92037034,0.10915427,0.23665957,1.4679369,0.0,0.9671138,0.028156823,0.0,0.22834525,0.0,0.0,0.94493645,0.0,0.6836116,1.0412378,0.0,0.0,0.0,0.0,1.2350036,1.2548457,0.5006469,0.8290007,0.0,0.5980271,0.0,0.0,0.24765615,0.13604246,0.09746856,0.0,0.0,1.273045,0.12036569,1.2605417,0.0,0.22418073,0.1461485,0.8008222,0.76773095,0.032358527,0.0,0.66083336,0.6617609,0.46575102,0.0,0.8341388,0.0,0.0,0.8699843,0.0,0.0,1.3265378,0.0,0.5939749,1.3563104,1.2246745,0.0,1.1139983,1.2807459,0.92262477,0.0,0.6103952,1.15356,</b>
1,<b>,0.0,0.0,0.0,1.3351938,0.0,0.73784703,0.0,0.72400904,0.4937881,0.0,1.1416231,0.0,0.0,0.0,0.717231,1.1484978,0.0,1.1213611,0.0,0.0,0.0,0.0,1.1386698,1.0974895,0.0,1.7095805,0.0,0.0,0.0,1.3528166,0.0,0.0,0.094409645,0.0,0.0,0.0,0.0,0.0,0.0,0.0,0.0,0.0,1.4914964,0.8657538,1.0738705,0.0,0.0,0.0,0.0,1.0656905,0.89607006,0.0,0.22666603,0.72705007,0.0,0.0,0.7468989,0.0,0.7502489,0.0,0.0,0.0,0.7563086,0.0,0.0,0.6515166,0.0,0.0,0.0,0.6515908,0.78105104,0.0,0.9753412,0.09763334,0.0,0.6484644,0.0,0.2107961,0.0,0.0,0.013072397,0.0,0.05377366,0.0,0.0,0.08018675,0.0,1.0069467,0.85311514,1.051469,0.0,0.0,0.0,0.0,0.0,1.0603677,0.0,0.5240129,0.0,0.9236473,0.0,0.0,0.0,0.0,0.0,1.4145683,0.0,0.861853,0.0,0.0,1.0028852,0.0,0.0,0.0,0.0,0.0,0.9250412,1.2915429,0.0,0.0,0.0,0.0,0.0,0.0,0.0,0.0,0.0,0.0,0.9154381,0.883285,0.8800572,0.0,0.0,0.6389391,0.0,0.0,0.0,1.195287,0.64791584,0.94412416,0.0,0.0,1.0330759,1.4988542,0.0,0.0,0.0,0.0,0.15877108,0.9602693,1.0182767,0.0,0.0,0.0,0.28188246,0.0,0.5992925,0.0,0.55970454,0.8278585,0.0,0.0,1.3670034,1.2786403,0.4021695,0.8526087,0.8141846,0.0,0.9483021,1.1753854,0.0,0.0,0.8098688,0.0,1.1953095,0.0,0.0,0.0,0.046393503,0.0,0.0,0.0,0.0,0.0,0.6138481,0.0,0.0,0.9095747,0.0,0.0,0.0,0.0,0.0,0.0,0.0,0.0,0.56961054,1.1058865,0.0,0.8280021,0.0,0.2540633,1.2960299,0.8849015,0.0,0.0,0.0,0.309567,1.0607871,0.0,0.0,0.021569457,0.0,1.5857023,0.0,0.9570781,0.5889535,0.0,0.581293,0.0,0.0,0.0,0.0,0.8536472,0.0,1.3400335,0.33824062,0.5919769,0.0,0.0,1.4367692,0.0,0.0,0.0,0.87741095,0.69970393,1.0252423,0.0,1.3051057,0.0,0.0,0.0,0.0,0.0,0.0,0.58856034,0.0,1.4406079,0.5852603,1.3045398,0.0,1.066811,0.0,0.0,0.8556661,0.0,0.0,0.8410032,0.0,0.0,1.1694583,0.0,1.0399305,0.0,0.0,0.0,0.0,0.0,0.0,0.8041963,0.0,0.0,0.0,0.0,0.7832446,0.0,0.95796174,1.3687851,0.0,0.0,0.0,0.0,1.2905737,1.2408161,0.0,0.0,0.35038075,0.017831303,1.2676172,0.3318485,0.0,0.82853466,0.35544494,0.0,0.0,0.0,0.0,0.0,0.94500303,0.0,0.0,0.0,0.0,0.0,0.07314783,0.0,0.0,0.0,0.0,1.1569337,0.0,0.0,1.396285,1.0878431,0.0,0.0,1.1830767,0.0,0.0,0.0,0.94922227,0.0,0.9090971,0.0,0.99871427,0.0,0.3579624,0.0,0.0,0.0,0.0,0.77186877,1.364951,0.0,0.0,0.9526556,0.9570966,0.94133025,1.023526,0.0,0.0,0.0,0.0,0.0,0.0,1.1066039,0.0,1.0194988,0.0,0.6270764,0.0,0.14213997,0.7569121,0.0,0.0,1.6013557,0.0,0.0,1.2807084,1.6186013,0.0,0.57235926,1.1550978,0.0,0.0,0.0,0.0,0.5632001,0.9746633,0.0,0.8910622,1.0887628,0.0,0.80860716,0.0,0.0,0.0,0.7614629,0.0,0.0,0.8644012,1.1088612,1.0430754,0.0,0.0,1.2580866,0.39361373,0.0,0.6199316,0.0,0.27353445,0.0,0.0,0.7100117,0.020213105,0.0,1.2296057,0.0,0.0,0.0,0.27472618,0.0,0.0,1.2798043,0.0,0.0,0.0,0.0,0.039621126,0.27690724,1.2216225,0.0,0.0,0.99724716,1.2056308,0.0,0.576081,0.14801295,0.0,0.5654578,0.7688131,0.97756773,1.726617,0.09329134,0.0,1.2032855,0.42955565,0.0,0.0,0.0,0.0,1.0821803,0.0,0.37610424,0.0,0.432208,0.0,0.0,0.0,0.0,1.243915,0.73654616,0.28070605,0.68746287,0.0,0.0,0.44908503,0.7203064,0.875297,0.33136886,0.0,1.2715387,0.0,0.7026496,0.0,0.0,0.21415582,0.0,0.0,1.4729148,0.0,0.0301501,1.2674086,0.0,0.0,0.0,0.0,1.6989863,0.6490492,0.87642705,0.9268181,0.7653111,0.6594877,0.0,0.0,1.0015305,0.0,0.0,0.0,0.0,1.5478766,0.0,1.0882452,0.0,0.0,0.0,0.47737974,1.229846,0.0,0.0,0.92171556,0.89437425,0.9124341,0.0,0.8204005,0.014317277,0.0,0.81269807,0.012806727,0.0,1.3234196,0.0,0.8469635,1.0085895,1.0392057,0.0,1.4687665,1.2958337,1.3608292,0.0,1.2410119,1.2392269,</b>
1,<b>,0.0,0.0,0.0022247713,0.94799596,0.0,0.68017197,0.0,0.8389318,0.21894352,0.0,0.8655851,0.0,0.020488042,0.0,0.4190393,0.8125718,0.0,0.86594,0.0,0.0,0.0,0.0,0.983215,1.155872,0.0,1.0693144,0.0,0.0,0.26735872,1.1515801,0.0,0.12213406,0.16215706,0.0831401,0.0,0.0,0.0,0.0,0.0,0.0,0.0,0.0,0.94130033,0.41058475,0.78176206,0.0,0.0,0.0,0.0,0.8588364,0.79011333,0.0,0.0,0.85309994,0.004532352,0.0,0.9360234,0.07322401,0.17044419,0.0,0.0,0.0,0.7025273,0.0,0.0,0.76035005,0.0,0.0,0.0,0.4450453,0.44800016,0.0,0.5139452,0.24418476,0.0,0.8271529,0.0,0.59307307,0.0,0.0,0.0,0.0,0.17544103,0.0,0.0,0.38724005,0.0,0.67803544,0.8661875,1.1484119,0.0,0.0,0.0,0.0,0.0,1.2470329,0.0,0.30560964,0.0,0.63070667,0.0,0.0,0.0,0.0,0.0,1.0021532,0.0,0.5765125,0.0,0.0,0.9519484,0.0,0.0,0.0,0.0,0.0,0.90924644,0.8848551,0.0,0.0,0.0,0.0,0.0,0.0,0.0,0.010075379,0.0,0.0,0.66039026,0.19174242,0.8268538,0.0,0.0,0.20979784,0.0,0.0,0.0,1.1278638,0.45690247,0.58828056,0.0,0.0,0.70221543,1.2567642,0.0,0.0,0.0,0.0,0.0,0.6498049,1.0554332,0.0,0.0,0.0,0.7018746,0.0,0.7772994,0.0,0.050747566,0.50753707,0.0,0.0,0.96498185,0.98608446,0.30277684,0.5575478,0.83671445,0.0,0.8879108,0.8761809,0.0,0.0,0.21329933,0.0,0.8449341,0.0,0.0,0.0,0.13211866,0.0,0.0,0.0,0.0,0.0,0.5683712,0.0,0.0,0.6202161,0.0,0.0,0.0,0.0,0.0,0.0,0.0,0.0,0.9086007,0.77293915,0.0,0.8027657,0.0,0.33339742,0.8739382,0.9730311,0.0,0.0,0.0,0.5621771,0.75190353,0.0,0.0,0.0,0.0,1.2302463,0.0,0.77577895,0.82261217,0.0,0.61098665,0.2037319,0.0,0.0,0.0,0.38038406,0.25205675,1.0309216,0.46276003,1.1696539,0.0,0.0,1.0522265,0.0,0.0,0.0,0.65295726,0.27131712,0.6049895,0.0,0.82273,0.0,0.0,0.0,0.0,0.0,0.0,0.31246752,0.0,1.2625576,0.79464084,0.65112346,0.0,0.73243195,0.0,0.0,0.9008798,0.0,0.0,1.1831124,0.0,0.0,1.022626,0.0,0.7470079,0.0,0.0,0.0,0.0,0.0,0.0,0.9919633,0.0,0.29408056,0.0,0.0,0.9942258,0.0,0.85814685,0.8105164,0.0,0.0,0.0,0.0,0.70226675,0.7096718,0.0,0.0,0.33625373,0.088993765,0.66522133,0.0,0.0,0.7844539,0.34743214,0.0,0.0,0.0,0.0,0.0,0.77862096,0.0,0.0,0.0,0.0,0.0,0.52188927,0.0,0.0,0.0,0.0,0.9540337,0.0,0.0,0.8119267,0.94629174,0.0,0.0,0.9965867,0.0,0.0,0.0,0.5650217,0.0,0.5118556,0.0,0.97106624,0.0,0.47088125,0.0,0.0,0.034779076,0.0,0.87556934,0.98551,0.0,0.0,0.4916334,0.21810228,0.30588585,0.76902014,0.0,0.0,0.0,0.0,0.0,0.0,1.072051,0.0,0.81805307,0.0,0.6189941,0.0,0.0681314,0.4495188,0.0,0.0,0.8954244,0.0,0.0,0.7586285,0.9313832,0.0,0.57101506,0.6823174,0.0,0.101007245,0.0,0.0,0.33892113,0.56668967,0.0,0.51142806,1.0267675,0.0,0.44953856,0.25615048,0.0,0.0,0.5668562,0.0,0.0,0.5811853,1.3408339,0.59377086,0.0,0.0,0.9612276,0.27267346,0.0,0.59424233,0.0,0.46893856,0.0,0.0,0.44213748,0.0,0.0,0.98769546,0.27725324,0.0,0.0,0.17578015,0.0,0.0,0.9601115,0.0,0.0,0.0,0.0,0.4745109,0.08291875,1.0267024,0.0,0.0,0.865856,0.87541646,0.0,0.34301546,0.0,0.0,0.28664416,0.6695902,0.73232156,1.6111492,0.2848794,0.0,0.7592275,0.75764114,0.0,0.0,0.0,0.0,0.4854477,0.0,0.39067274,0.0,0.21535096,0.0,0.0,0.0,0.0,0.841685,0.73470354,0.10677586,0.8019203,0.0,0.0,0.3529074,0.88412756,0.74853176,0.0,0.0,0.6971757,0.0,0.093368016,0.0,0.0,0.0,0.0,0.0,0.7449313,0.0,0.0,0.866581,0.0,0.0,0.0,0.17264454,1.0863258,0.56036663,0.82510126,0.38193318,0.97336346,1.0040997,0.0,0.0,0.7295506,0.0,0.0,0.0,0.0,1.2027956,0.0,0.9170379,0.0,0.0,0.0,0.6475857,0.9313103,0.0,0.0,0.51646245,0.81533635,0.9822965,0.0,0.7196576,0.3166705,0.0,0.8855056,0.049656883,0.0,1.4099697,0.0,0.9131821,0.9176203,0.51489073,0.0,1.0263188,0.7550009,0.875186,0.0,0.93750644,0.7968675,</b>
1,<b>,0.0,0.0,0.17097957,0.91999644,0.0,0.18107438,0.0,0.52834797,1.1425253,0.0,1.203493,0.0,0.07972142,0.0,0.83882576,1.109433,0.0,1.2906914,0.0,0.0,0.0,0.0,0.9893724,0.96760935,0.0,1.37687,0.0,0.0,0.0,1.1309611,0.0,0.0,0.0,0.0,0.0,0.0,0.044547603,0.0,0.0,0.0,0.0,0.0,0.6831278,0.33082953,0.67751324,0.0,0.0,0.0,0.0,0.82130986,0.69617546,0.0,0.1947404,0.4679703,0.03613637,0.0,0.72394073,0.0,0.0,0.0,0.0,0.0,0.27342427,0.0,0.0,0.7077482,0.0,0.0,0.0,0.1945288,0.6733646,0.0,0.6381749,0.0,0.0,0.68459874,0.0,0.16130373,0.018690918,0.0,0.0,0.0,0.28857207,0.0,0.0,0.0,0.0,0.5401238,1.0665838,1.3388491,0.0,0.0,0.0,0.028204247,0.0,1.2404888,0.0,0.36620292,0.0,0.9511245,0.0,0.0,0.0,0.0,0.0,0.8393713,0.0,0.74853545,0.0,0.0,0.8608956,0.0,0.0,0.0,0.105796576,0.0,0.84225553,1.0089687,0.0,0.0,0.0,0.0,0.0,0.0,0.0,0.047218073,0.0,0.0,0.4958799,0.34687534,1.1648029,0.0,0.0,0.33328775,0.0,0.0,0.0,1.2864902,0.3735522,0.89220196,0.0,0.0,0.9094481,0.99440354,0.0,0.0,0.0,0.0,0.08340366,0.88207483,0.7785082,0.0,0.0,0.0,0.30312967,0.0,0.6311914,0.0,0.06496601,0.7201836,0.0,0.0,1.1985631,1.0521015,0.16535997,0.47275472,0.5900074,0.0,0.842391,0.9801651,0.0,0.0,0.69171137,0.0,1.0532656,0.0,0.0,0.0,0.0,0.0,0.012421423,0.0,0.0,0.0,0.6740562,0.0,0.0,0.9559114,0.0,0.022131618,0.0,0.0,0.0,0.0,0.0,0.0,0.65397793,0.9874582,0.0,0.75285375,0.0,0.06331995,0.7957669,0.94134104,0.0,0.0,0.0,0.5999971,0.770733,0.0,0.0,0.0,0.0,1.198486,0.0019052657,0.79431325,0.4728885,0.18564884,0.022257239,0.0,0.0,0.0,0.0,0.41169134,0.021013249,0.8110386,0.0,0.82354987,0.0,0.0,1.0271808,0.0,0.0,0.0,0.42543933,0.40521035,0.60448074,0.0,0.9453151,0.0,0.0,0.0,0.0,0.0,0.0,0.2087166,0.0,1.1124765,0.4624148,0.9352253,0.0,0.9251095,0.0,0.0,0.88703185,0.0,0.0,0.66687876,0.0,0.0,1.1622957,0.0,0.7382088,0.0,0.0,0.0,0.0,0.0,0.0,0.80535775,0.0,0.0,0.0,0.0,0.97189146,0.0,0.86527956,1.1222827,0.0,0.0,0.0,0.0,0.8840256,0.74246716,0.0,0.0,0.87292993,0.17042413,1.0146946,0.01525299,0.0,1.05543,0.0,0.0,0.0,0.0,0.0,0.0,0.3465239,0.0,0.0,0.0,0.0,0.0,0.122364,0.0,0.0,0.0,0.0,0.7447967,0.0,0.0,0.93052566,0.8679847,0.0,0.0,1.0886456,0.0,0.0,0.0,0.71736544,0.0,1.0689635,0.0,1.0493556,0.0,0.09619376,0.0,0.0,0.0,0.0,0.8428861,1.0632731,0.0,0.0,0.6934275,0.7154422,0.91831416,0.63178533,0.0,0.0,0.0,0.0,0.0,0.0,1.0293347,0.0,0.80961156,0.0,0.6119895,0.0,0.12711468,0.71843356,0.0,0.0,1.2257056,0.0,0.22776093,0.7310279,1.1637877,0.0,0.65202755,1.0383308,0.0,0.23423411,0.0,0.0,0.4592605,0.58336574,0.0,0.7494879,1.2378607,0.0,0.6299455,0.015221562,0.0,0.0,0.916961,0.0,0.0,0.89594644,1.2969806,0.7268482,0.0,0.017828796,1.1443515,0.0,0.0,0.5113016,0.0,0.0,0.0,0.0,0.8628818,0.026434377,0.0,0.77925634,0.23796323,0.0,0.0,0.0,0.0,0.0,0.5367098,0.0,0.0,0.0,0.0,0.0,0.083155006,0.8624976,0.0,0.0,0.98118776,1.1252913,0.0,0.53725505,0.3584048,0.0,0.6522194,0.28823087,0.85406125,1.2440019,0.5123419,0.0,0.8297999,0.3525452,0.0,0.0,0.0,0.0,0.7822823,0.0,0.6693699,0.0,0.059083775,0.0,0.0,0.0,0.0,1.0230017,0.8548006,0.69676316,1.0243464,0.0,0.0,0.29510006,0.95766145,0.93331456,0.0,0.0,0.864237,0.0,0.3551342,0.0,0.0,0.24757329,0.0,0.0,0.9543878,0.0,0.0,0.7598456,0.0,0.0,0.0,0.33297074,1.3726485,0.60136575,0.95938885,0.44376254,0.38997066,0.7065207,0.0,0.0,0.813553,0.0,0.0,0.0,0.0,0.8901038,0.0,0.6181022,0.0,0.0,0.0,0.051649526,0.91506034,0.0,0.0,0.86186665,0.6991561,1.2925347,0.0,0.48680615,0.0,0.0,0.84672153,0.17983086,0.0,1.0530033,0.0,0.96781194,0.78064,0.865671,0.0,1.2417572,1.1235633,1.1669106,0.0,1.0344087,1.157229,</b>
1,<b>,0.0,0.016081026,0.22607116,1.0388204,0.0,0.18240732,0.0,0.46137488,1.1719366,0.0,1.237958,0.0,0.06807853,0.0,0.8058156,1.0966232,0.0,1.2947339,0.0,0.0,0.0,0.0,0.9657207,0.9859027,0.0,1.4886855,0.0,0.0,0.0,1.1516519,0.0,0.0,0.0,0.0,0.0,0.0,0.0607863,0.0,0.0,0.0,0.0,0.0,0.8006712,0.35014477,0.6862806,0.0,0.0,0.0,0.0,0.8874786,0.8198133,0.0,0.16135988,0.42718664,0.13409798,0.0,0.8236536,0.0,0.0,0.0,0.0,0.0,0.35843596,0.0,0.0,0.7819106,0.0,0.0,0.023728795,0.251648,0.6860737,0.0,0.5896373,0.0,0.0,0.70881474,0.0,0.2103179,0.06281507,0.0,0.0,0.023598563,0.35960695,0.0,0.0,0.0,0.0,0.48685545,1.1050202,1.5235097,0.0,0.0,0.0,0.0,0.0,1.3226422,0.0,0.4508443,0.0,0.9891989,0.0,0.0,0.0,0.0,0.0,0.84349555,0.0,0.7988903,0.0,0.0,0.87903804,0.0,0.0,0.0,0.07570034,0.0,0.9417823,1.0346748,0.0,0.0,0.0,0.0,0.0,0.0,0.0,0.014729325,0.0,0.0,0.6324166,0.32796097,1.1437037,0.0,0.0,0.34473872,0.0,0.0,0.0,1.364811,0.41737834,0.8141055,0.0,0.0,0.9446084,1.0073221,0.0,0.0,0.0,0.0,0.18308729,0.94721854,0.78712183,0.0,0.0,0.0,0.40307295,0.0,0.65266323,0.0,0.0,0.77329904,0.0,0.0,1.1324488,1.0940874,0.04539317,0.41366225,0.66416836,0.0,0.7689577,0.9707454,0.0,0.0,0.6871851,0.0,1.0359551,0.0,0.0,0.0,0.0,0.0,0.0,0.0,0.0,0.0,0.7721349,0.0,0.0,1.0747135,0.0,0.1111294,0.0,0.0,0.0,0.0,0.0,0.0,0.6827784,1.0609995,0.0,0.7547451,0.0,0.024975954,0.77471304,1.0107884,0.0,0.0,0.0,0.6702744,0.8085568,0.0,0.0,0.0,0.0,1.1966628,0.0,0.83404356,0.42478755,0.05412515,0.05385089,0.0,0.0,0.0,0.0,0.43811935,0.0,0.8930295,0.0,0.8173369,0.0,0.0,1.0362816,0.0,0.0,0.0,0.5723343,0.514032,0.6183105,0.0,1.0085443,0.0,0.0,0.0,0.0,0.0,0.0,0.25786552,0.0,1.0699828,0.50904477,1.038139,0.0,1.0525945,0.0,0.0,0.87072384,0.0,0.0,0.6033918,0.0032719774,0.0,1.2245266,0.0,0.75827926,0.0,0.0,0.0,0.0,0.0,0.0,0.8287471,0.0,0.0,0.0,0.0,1.0016005,0.0,0.799617,1.0412784,0.0,0.0,0.0,0.0,0.9580877,0.91432786,0.0,0.0,0.8805753,0.23438239,0.9599871,0.0,0.0,1.0529,0.0,0.0,0.0,0.0,0.0,0.0,0.34800157,0.0,0.0,0.0,0.0,0.0,0.11181163,0.0,0.0,0.0,0.0,0.72966224,0.0,0.0,0.99929786,0.92652,0.0,0.0,1.171311,0.0,0.0,0.0,0.6985327,0.0,1.136364,0.0,1.1035514,0.0,0.24144056,0.0,0.0,0.0,0.0,0.8389974,1.0190887,0.0,0.0,0.60751367,0.7000235,0.9388153,0.8060054,0.0,0.0,0.0,0.0,0.0,0.0,1.0286827,0.0,0.76058346,0.0,0.6843995,0.0,0.09764427,0.6812259,0.0,0.0,1.1789945,0.0,0.22768164,0.73551834,1.2277402,0.021299893,0.60184824,1.065397,0.0,0.21949628,0.0,0.0,0.41622606,0.5299996,0.0,0.7472963,1.4168344,0.0,0.4876587,0.010040935,0.015418012,0.0,0.95379925,0.0,0.0,0.8253152,1.4109284,0.7375255,0.0,0.0,1.1956465,0.022308132,0.0,0.48293996,0.0,0.019400246,0.0,0.0,0.91743314,0.004151925,0.0,0.8628859,0.17078355,0.0,0.0,0.0,0.0,0.0,0.6006254,0.0,0.0,0.0,0.0,0.0,0.040432673,0.8608865,0.0,0.0,1.065918,1.1087586,0.0,0.3570151,0.23842306,0.0,0.7378393,0.35901645,0.89601976,1.3521267,0.40141878,0.0,0.8554008,0.585424,0.0,0.0,0.0,0.0,0.8869948,0.0,0.76033807,0.0,0.011186124,0.0,0.0,0.0,0.0,1.1213039,0.89229476,0.7406869,1.1257819,0.0,0.0,0.2711797,0.89816004,0.9111272,0.0,0.0,0.9570072,0.0,0.28151706,0.0,0.0,0.3089699,0.0,0.0,0.9774465,0.0,0.0,0.7687788,0.0,0.0,0.0,0.39320403,1.3676331,0.5600163,1.0748044,0.3564984,0.44712013,0.6706802,0.0,0.0,0.9340576,0.0,0.0,0.0,0.0,0.8505713,0.0,0.7019044,0.0,0.090090066,0.0,0.16681854,1.024528,0.0,0.0,0.8626494,0.66630566,1.3023245,0.0,0.6022094,0.0,0.0,0.8505346,0.12759174,0.0,1.119389,0.0,0.9871739,0.86899877,0.8150724,0.0,1.3145077,1.1943301,1.1282816,0.0,0.9865798,1.2179158,</b>
1,<b>,0.075578995,0.034832034,0.26591083,1.0208375,0.0,0.34481192,0.0,0.51099277,1.1354946,0.07346082,1.0766048,0.0,0.0,0.0,0.5976012,1.1453146,0.0,1.0462639,0.0,0.0,0.0,0.0,0.73322344,1.0104162,0.008183476,1.3985908,0.030930063,0.0,0.0,1.2024958,0.0,0.0,0.0,0.0,0.0,0.0,0.0,0.0,0.0,0.0,0.0,0.0,1.0442547,0.23105443,0.761047,0.0,0.0,0.0,0.0,0.98410684,0.9744527,0.0,0.2590133,0.4774052,0.045381352,0.0,0.9212871,0.0,0.081159614,0.0,0.0,0.0,0.45066375,0.0,0.0,0.88749546,0.0,0.0,0.014785166,0.22642186,0.81775945,0.0,0.77148813,0.0,0.0,0.6366031,0.0,0.27602565,0.12244296,0.0,0.0,0.07484283,0.48614618,0.0,0.0,0.0,0.0,0.7260437,0.993955,1.227672,0.0,0.0,0.019841015,0.0,0.0,1.2444228,0.020531857,0.56807715,0.0,1.1209143,0.0,0.0,0.0,0.0,0.0,0.79136246,0.0,1.2154343,0.0,0.0,0.8170661,0.0,0.0,0.0,0.14494844,0.0,0.94651616,1.2004493,0.0,0.0,0.0,0.0,0.0,0.0,0.0,0.07781172,0.0,0.0,0.8920943,0.19839758,0.89325356,0.0,0.0,0.21284361,0.0,0.0,0.0,1.1672134,0.37042812,0.62264407,0.0,0.0,0.7927185,1.1766378,0.0,0.0,0.0,0.0,0.013869984,0.8065544,0.7442562,0.0,0.0,0.0,0.57451355,0.0,0.7461386,0.0,0.10954639,0.6604648,0.0,0.0,0.9828499,1.0873295,0.07000764,0.48630476,0.6732002,0.0,0.79940367,0.81729424,0.0,0.0,0.44603142,0.0,0.9648712,0.0,0.0,0.0,0.0,0.0,0.0022087945,0.0,0.0,0.0,0.82382005,0.0,0.0,1.0451459,0.0,0.14153695,0.0,0.0,0.0,0.015771836,0.0,0.0,0.6991811,0.8667236,0.0,0.895826,0.0,0.02176647,0.7037629,0.68757993,0.0,0.0,0.0,0.524973,0.83452356,0.0,0.0,0.0,0.0,1.186201,0.0,0.5984718,0.4120507,0.0020323284,0.0,0.0,0.0,0.0,0.0,0.4142941,0.07085106,0.9841306,0.0,0.68511146,0.0,0.0,0.89993954,0.0,0.0,0.0,0.71083015,0.6302327,0.47601599,0.0,1.1275649,0.0,0.0,0.0,0.0,0.0,0.0,0.45936763,0.0,0.97884125,0.7247593,0.92931277,0.0,0.949404,0.0,0.0,0.65003985,0.0,0.0,0.81650454,0.0,0.0,1.0222553,0.0,0.92996436,0.0,0.0,0.0,0.05162814,0.0,0.0,0.65318865,0.0,0.0,0.0,0.0,0.99522054,0.0,0.707976,1.0320268,0.0,0.0,0.0,0.0,0.86480206,0.96278894,0.0,0.17364424,0.7040423,0.25018346,0.9731817,0.0,0.0,0.8134326,0.0,0.0,0.0,0.0,0.0,0.0,0.45841494,0.0,0.0,0.0,0.0,0.061158027,0.0,0.0,0.0,0.0,0.0,0.92599887,0.0,0.0,0.87097585,1.0527848,0.08463948,0.0,1.0773786,0.0,0.0,0.0,0.4945685,0.0,1.1684502,0.0,1.0371292,0.0,0.39285192,0.0,0.0,0.0,0.0,0.8133761,1.1242355,0.0,0.0,0.35260013,0.7054421,1.1500698,1.0048279,0.0,0.0,0.0,0.0,0.0,0.0,1.0976754,0.0,0.53823507,0.0,0.69200236,0.0,0.1597715,0.6230738,0.0,0.0,1.1141412,0.0,0.14918537,0.6606269,1.3009878,0.0,0.71533704,1.0292304,0.0,0.18866597,0.0,0.0,0.309362,0.5283636,0.0,0.714061,1.1917813,0.0,0.41740987,0.26860586,0.11667225,0.0,0.95610654,0.0,0.0,0.69758815,1.2274195,0.72601604,0.0,0.0,1.2740644,0.20316768,0.0,0.1967795,0.0,0.0236407,0.0,0.0,0.75658953,0.043304153,0.0,0.8257018,0.049838495,0.0,0.0,0.0,0.0,0.0,0.8358757,0.0,0.0,0.0,0.0,0.083608404,0.34053797,0.8845403,0.0,0.0,0.9438764,1.148185,0.0,0.34107688,0.25403148,0.0,0.6754413,0.2620783,0.8924009,1.5647259,0.12593763,0.0,0.9589077,0.75165236,0.0,0.0,0.0,0.0,0.86808044,0.0,0.51474255,0.0,0.035453394,0.0,0.0,0.0,0.0,1.0519359,0.635166,0.63470155,0.94166875,0.0,0.0,0.37481105,0.73121256,0.7220647,0.0,0.030937184,0.7649301,0.0,0.20064509,0.0,0.0,0.26005557,0.0,0.0,1.02792,0.0,0.0,0.67160827,0.0,0.0,0.19415319,0.37332502,1.2776951,0.48389304,1.0395428,0.36985117,0.66692656,0.894038,0.0,0.0,0.90904075,0.0,0.030419225,0.0,0.0,0.89165133,0.0,0.7878011,0.0,0.13887617,0.0,0.083249405,1.0872016,0.0,0.0,0.5472439,0.6404648,1.3088018,0.0,0.4536024,0.0,0.0,1.0164297,0.1986447,0.0,1.2515622,0.0,0.8409001,0.94193226,0.5312836,0.0,1.2183695,1.0949191,1.0816417,0.0,0.86946535,0.9836688,</b>
1,<b>,0.08402275,0.0,0.2601743,1.2421584,0.0,0.7237963,0.0,0.71393555,0.96548164,0.039165016,0.9706347,0.0,0.13747667,0.0,0.73347175,1.0504512,0.0,1.0469403,0.0,0.043742225,0.0,0.0,0.7869447,1.0332844,0.10624607,1.2226603,0.0,0.0,0.0,1.0615185,0.0,0.0,0.0,0.0,0.0,0.0,0.0,0.0,0.0,0.0,0.0,0.0,1.0200579,0.51403475,0.70907617,0.0,0.0,0.0,0.0,1.0717185,0.8201198,0.0,0.20817362,0.5413314,0.13193431,0.0,1.0390642,0.14492208,0.04853555,0.0,0.0,0.0,0.5510047,0.0,0.0,0.7510012,0.0,0.0,0.0,0.25805682,0.64382935,0.0,0.56307876,0.0,0.0,0.7390774,0.0,0.28322196,0.07469155,0.0,0.0,0.0,0.48786607,0.0,0.0,0.0,0.00701484,0.73569626,1.0943062,1.3465887,0.0,0.048127804,0.0,0.0,0.0,1.2836394,0.0,0.43433747,0.0,1.0783828,0.0,0.0,0.0,0.0,0.024647772,0.90149933,0.0,1.1822557,0.0,0.0,0.87801063,0.0,0.0,0.0,0.0,0.0,1.0488619,1.0526911,0.0,0.0,0.0,0.0,0.0,0.0,0.0,0.0,0.0,0.0,0.5799525,0.37568036,0.80482316,0.0,0.0,0.19694966,0.0,0.0,0.0,1.394812,0.54777193,0.60592055,0.0,0.0,0.9231142,1.1557592,0.0,0.0,0.0,0.004531221,0.17978095,0.98297954,0.9171272,0.0,0.0,0.0,0.5089029,0.0,0.7345619,0.0,0.20095785,0.74138296,0.0,0.0232868,1.0260512,1.214613,0.28181013,0.6947758,0.7470323,0.0,0.79895705,1.2624743,0.0,0.0,0.5704858,0.0,0.9107702,0.0,0.0,0.0,0.0,0.024395548,0.0,0.0,0.0,0.0,0.89079237,0.0,0.0,0.9053397,0.016949035,0.064140216,0.0,0.0,0.0,0.0,0.0,0.0,0.7671855,0.9386681,0.0,0.88378966,0.0,0.20519203,0.88534266,0.94992274,0.0,0.0,0.0,0.6370565,1.0259633,0.0,0.0,0.06555279,0.0,1.1848328,0.0,0.8454316,0.6798272,0.0,0.22269113,0.03890355,0.0,0.0,0.0,0.52766746,0.0,1.1316985,0.09455457,0.53466135,0.0,0.0,1.0845797,0.0,0.0,0.0,0.7260626,0.5779902,0.4774838,0.0,0.9575227,0.0,0.0,0.0,0.0,0.0,0.0,0.37053776,0.0,1.1270926,0.84891254,0.83341813,0.0,1.2022527,0.0,0.0,0.5900382,0.0,0.0,0.9491473,0.0,0.0,1.1370851,0.0,1.1118197,0.0,0.0,0.0,0.0,0.0,0.0,0.9805222,0.0,0.0,0.0,0.0,0.9195998,0.0,0.9359421,0.9327653,0.0,0.0,0.0,0.0,0.7621704,0.7464441,0.0,0.07217527,0.53995687,0.17125629,0.80060625,0.014800486,0.0,0.7207031,0.032787327,0.0,0.0,0.0,0.0,0.0,0.55069524,0.0,0.0,0.0,0.0,0.0,0.29525337,0.0,0.0,0.0,0.0,0.8693978,0.0,0.0,1.0369122,1.1123841,0.06779439,0.0,0.91422266,0.04315068,0.0,0.0,0.43690783,0.0,1.0547119,0.0,1.0522803,0.0,0.54548705,0.0,0.0,0.0,0.0,0.86752737,1.1883607,0.0,0.0,0.58741343,0.4167083,0.7572718,0.93155235,0.0,0.0,0.0,0.0,0.0,0.0,0.9700317,0.0,0.83474934,0.0,0.6307968,0.0,0.105459444,0.4386371,0.0,0.0,1.1011579,0.0,0.029996753,0.90141106,1.1470606,0.0,0.47016776,1.0941314,0.0,0.11360056,0.0,0.0,0.46209195,0.6220593,0.0,0.794352,1.2144551,0.0,0.31836542,0.14087653,0.049877718,0.0,0.79251134,0.0,0.0,0.59182674,1.280455,0.84297657,0.0,0.0,1.3867515,0.3106092,0.0,0.26521188,0.0,0.28199774,0.0,0.0,0.8474728,0.0,0.0,1.007817,0.060890574,0.0,0.0,0.0,0.0,0.0,0.8103691,0.0,0.0,0.0,0.0,0.11984098,0.2465022,1.017592,0.0,0.0,1.035373,0.8257136,0.0,0.30725738,0.0,0.0,0.5731193,0.33911657,0.8747221,1.7399702,0.18880408,0.0,1.0390997,0.74846876,0.0,0.0,0.0,0.0,0.6906506,0.0,0.52326757,0.0,0.0,0.0,0.0,0.0,0.0,1.118884,0.76059264,0.4939056,1.0512942,0.0,0.0,0.12665336,0.76827806,0.8842901,0.0,0.27272075,0.624201,0.0,0.2044519,0.0,0.0,0.27764046,0.0,0.0,1.0754292,0.0,0.0,0.6767013,0.0,0.0,0.0,0.10856087,1.1359246,0.45282,1.0162078,0.39411956,0.8525861,0.8996273,0.0,0.0,0.8786262,0.0,0.0,0.0,0.0,1.0863284,0.0,0.86284244,0.0,0.039171588,0.0,0.31351644,1.1767377,0.0,0.0,0.5732154,0.75627506,1.0830814,0.0,0.5731585,0.0,0.0,0.7263248,0.1664673,0.0,1.2373054,0.0,1.0757684,0.96726817,0.64098775,0.0,1.5229118,1.1152816,1.1691278,0.0,1.0213372,1.0202075,</b>
